foodbank_id,ownerFirst,ownerLast,ownerEmail,income
1,Arron,Hevey,ahevey0@shareasale.com,97149
2,Lorry,Wathall,lwathall1@ox.ac.uk,791930
3,Mano,Gavaran,mgavaran2@ning.com,288525
4,Ned,Richfield,nrichfield3@dell.com,301090
5,Candice,Castle,ccastle4@state.gov,654137
6,Alica,Rudge,arudge5@wp.com,358361
7,Doroteya,Emerton,demerton6@cbsnews.com,276884
8,Janice,Sutherley,jsutherley7@naver.com,136923
9,Ashlie,Wittier,awittier8@4shared.com,675224
10,Ibby,Liversage,iliversage9@fc2.com,673282
11,Barnard,Gubbin,bgubbina@github.io,478291
12,Cara,Wadforth,cwadforthb@canalblog.com,851692
13,Eilis,Tait,etaitc@zimbio.com,998729
14,Kipp,Klimochkin,kklimochkind@friendfeed.com,60894
15,Franny,Hawket,fhawkete@theguardian.com,426291
16,Leandra,Bleby,lblebyf@ihg.com,671488
17,Lianna,Mapplethorpe,lmapplethorpeg@netvibes.com,460765
18,Pat,Partner,ppartnerh@forbes.com,857219
19,Linnet,Hounsome,lhounsomei@gravatar.com,547968
20,Cyndy,Cawsey,ccawseyj@opensource.org,956631
21,Idaline,Oertzen,ioertzenk@adobe.com,265658
22,Fredra,Berthe,fberthel@ftc.gov,667348
23,Lusa,Croce,lcrocem@senate.gov,814957
24,Aeriel,Broadstock,abroadstockn@ted.com,996854
25,Ariel,Winthrop,awinthropo@bing.com,866223
26,Wolfgang,Dungay,wdungayp@adobe.com,888058
27,Bree,Trustrie,btrustrieq@slideshare.net,581027
28,Gothart,Irnys,girnysr@ucsd.edu,470530
29,Cherice,Willwood,cwillwoods@twitter.com,663621
30,Thorstein,Warboy,twarboyt@globo.com,130109
31,Lorin,Hardey,lhardeyu@slashdot.org,158768
32,Tawnya,Sargison,tsargisonv@state.tx.us,869704
33,Mervin,Donahue,mdonahuew@liveinternet.ru,585199
34,Mavra,Arsey,marseyx@addthis.com,564891
35,Frankie,Edgerton,fedgertony@ehow.com,274902
36,Clary,Dunsmore,cdunsmorez@taobao.com,781733
37,Jaquelin,Crennell,jcrennell10@bluehost.com,590052
38,Charlie,D'Hooge,cdhooge11@dropbox.com,902461
39,Garey,Kelledy,gkelledy12@nytimes.com,785970
40,Evanne,Faldoe,efaldoe13@cisco.com,206410
41,Joleen,McCane,jmccane14@prnewswire.com,233847
42,Gale,Glauber,gglauber15@photobucket.com,339182
43,Charis,Slaght,cslaght16@miibeian.gov.cn,108383
44,Stanley,Eastes,seastes17@imgur.com,173483
45,Stace,Warner,swarner18@ovh.net,74529
46,Ewart,Cholomin,echolomin19@tiny.cc,108300
47,Billie,Carless,bcarless1a@mayoclinic.com,214752
48,Alfons,Easterling,aeasterling1b@goo.ne.jp,895364
49,Gustav,Danton,gdanton1c@mysql.com,67936
50,Conrade,Dautry,cdautry1d@drupal.org,470187
51,Antony,Tevlin,atevlin1e@columbia.edu,260280
52,Daryle,Beekman,dbeekman1f@prnewswire.com,878028
53,Gertrudis,Piegrome,gpiegrome1g@aol.com,850019
54,Vale,Ambrosio,vambrosio1h@sogou.com,534958
55,Quinta,Biles,qbiles1i@fastcompany.com,942628
56,Elaina,Breache,ebreache1j@infoseek.co.jp,614480
57,Orel,Deveril,odeveril1k@army.mil,673199
58,Myer,Lyes,mlyes1l@theatlantic.com,277703
59,Vonny,Celler,vceller1m@surveymonkey.com,926650
60,Larine,Cheavin,lcheavin1n@g.co,828128
61,Free,Cradick,fcradick1o@google.fr,427895
62,Chevalier,Charlton,ccharlton1p@geocities.com,235018
63,Lulu,Tonbridge,ltonbridge1q@ow.ly,855228
64,Marget,Banghe,mbanghe1r@cnn.com,435549
65,Bettye,Di Biagi,bdibiagi1s@hostgator.com,194311
66,Sander,Grombridge,sgrombridge1t@tinyurl.com,86834
67,Kirstin,Weafer,kweafer1u@eepurl.com,971306
68,Garnette,Slatcher,gslatcher1v@google.pl,278717
69,Alfi,Ord,aord1w@moonfruit.com,912387
70,Jarrid,Growcock,jgrowcock1x@upenn.edu,319710
71,Kendell,Meeson,kmeeson1y@craigslist.org,896170
72,Mattias,Dobble,mdobble1z@webnode.com,661750
73,Arny,Hek,ahek20@biblegateway.com,475052
74,Aloysius,Volette,avolette21@npr.org,431171
75,Sean,Hobben,shobben22@springer.com,556660
76,Lacey,Revie,lrevie23@merriam-webster.com,259551
77,Dru,Lenard,dlenard24@wikimedia.org,583024
78,Shawna,Tollmache,stollmache25@cloudflare.com,546225
79,Ali,McGill,amcgill26@wufoo.com,391574
80,Cecile,Costello,ccostello27@issuu.com,465578
81,Trip,Guillou,tguillou28@hexun.com,924141
82,Dorry,Boswood,dboswood29@prnewswire.com,966917
83,Rickert,Cartmer,rcartmer2a@japanpost.jp,782386
84,Woody,Lynam,wlynam2b@indiatimes.com,987145
85,Arliene,Dennistoun,adennistoun2c@wix.com,439815
86,Biron,Johns,bjohns2d@msn.com,928431
87,Putnam,Vasyagin,pvasyagin2e@sphinn.com,113201
88,Derry,Cattermoul,dcattermoul2f@ezinearticles.com,391227
89,Kristy,Hartford,khartford2g@theguardian.com,853359
90,Reynolds,Fairy,rfairy2h@quantcast.com,190814
91,Gideon,Linden,glinden2i@washington.edu,391209
92,Paxon,Grent,pgrent2j@buzzfeed.com,769934
93,Cristobal,Trodler,ctrodler2k@bbb.org,617527
94,Ileane,Morsom,imorsom2l@goo.ne.jp,716785
95,Karrah,Messager,kmessager2m@reddit.com,192497
96,Haskell,Gosart,hgosart2n@dropbox.com,242100
97,Cheslie,Ruselin,cruselin2o@twitpic.com,945902
98,Galven,Teaser,gteaser2p@uol.com.br,297692
99,Lauraine,Woolforde,lwoolforde2q@time.com,608615
100,Kevina,Bastable,kbastable2r@gnu.org,234586
101,Mitchel,Hovey,mhovey2s@senate.gov,837233
102,Moses,Yegorev,myegorev2t@jugem.jp,72913
103,Elisabetta,Sampey,esampey2u@nytimes.com,925174
104,Keriann,Pahler,kpahler2v@php.net,171579
105,Tallia,Faye,tfaye2w@ft.com,137623
106,Denny,Taylder,dtaylder2x@uiuc.edu,195944
107,Minerva,Telford,mtelford2y@technorati.com,141534
108,Aharon,Leil,aleil2z@senate.gov,891532
109,Leone,Snarie,lsnarie30@accuweather.com,218765
110,Catherine,Lyptrade,clyptrade31@ucoz.com,328618
111,Barbi,Killner,bkillner32@simplemachines.org,875033
112,Tobye,Mewrcik,tmewrcik33@cloudflare.com,791862
113,Kincaid,Chastang,kchastang34@hatena.ne.jp,861525
114,Jonathon,Paridge,jparidge35@umich.edu,312580
115,Ewen,Daltry,edaltry36@bluehost.com,467719
116,Inger,Khoter,ikhoter37@hp.com,521180
117,Ardith,De La Cote,adelacote38@apple.com,94741
118,Salome,Sprull,ssprull39@foxnews.com,297061
119,Halie,Schall,hschall3a@networkadvertising.org,978009
120,Antonie,Smithend,asmithend3b@oaic.gov.au,516830
121,Rheta,Beggin,rbeggin3c@ustream.tv,476030
122,Sigfried,Theodoris,stheodoris3d@free.fr,189589
123,Oneida,Laing,olaing3e@amazon.de,488968
124,Maggy,Skittreal,mskittreal3f@privacy.gov.au,828258
125,Jocelyne,Rabjohns,jrabjohns3g@vkontakte.ru,380650
126,Daryl,Gouda,dgouda3h@fastcompany.com,928246
127,Casper,Markussen,cmarkussen3i@multiply.com,814503
128,Pearl,Holtum,pholtum3j@youtu.be,86175
129,Sada,Towey,stowey3k@apple.com,447086
130,Iorgo,Witnall,iwitnall3l@disqus.com,962501
131,Mal,Dallman,mdallman3m@slideshare.net,869858
132,Charmion,Goddman,cgoddman3n@wordpress.org,669342
133,Eric,Mertin,emertin3o@hhs.gov,917127
134,Bevin,Hammon,bhammon3p@bbb.org,425161
135,Taddeo,Ratt,tratt3q@nyu.edu,910205
136,Minette,Sproul,msproul3r@ifeng.com,661353
137,Brocky,Hallmark,bhallmark3s@webnode.com,767953
138,Stephani,Brittan,sbrittan3t@wikia.com,523007
139,Wain,Hayball,whayball3u@theatlantic.com,442942
140,Gabie,Lafontaine,glafontaine3v@hhs.gov,112107
141,Gertruda,Betteriss,gbetteriss3w@163.com,944029
142,Willey,Jills,wjills3x@dell.com,489702
143,Tam,Balstone,tbalstone3y@paypal.com,504631
144,Bliss,Backler,bbackler3z@phoca.cz,125459
145,Alanna,Newbold,anewbold40@sciencedirect.com,927078
146,Vaughn,Geraudel,vgeraudel41@flavors.me,665327
147,Laurel,Speariett,lspeariett42@prweb.com,739614
148,Christoper,Ioannidis,cioannidis43@bloomberg.com,342803
149,Sharyl,Vanyutin,svanyutin44@abc.net.au,449460
150,Adan,Spittall,aspittall45@java.com,828871
151,Bethena,Pennigar,bpennigar46@un.org,768035
152,Sheffie,Van Velden,svanvelden47@networksolutions.com,224696
153,Chadwick,Kinnoch,ckinnoch48@mtv.com,868176
154,Em,Dohr,edohr49@topsy.com,218750
155,Kaspar,Godmar,kgodmar4a@facebook.com,429319
156,Willyt,Putterill,wputterill4b@scribd.com,712130
157,Allistir,Ashpital,aashpital4c@apache.org,142360
158,Harv,Bucknell,hbucknell4d@is.gd,923170
159,Dacie,Coomes,dcoomes4e@ovh.net,265097
160,Birdie,Sudlow,bsudlow4f@amazon.com,434778
161,Gannon,Heckner,gheckner4g@sciencedirect.com,447913
162,Esdras,Grigore,egrigore4h@printfriendly.com,468601
163,Jecho,Brendel,jbrendel4i@mapy.cz,324899
164,Olin,Waddilove,owaddilove4j@dell.com,768768
165,Bax,Rusk,brusk4k@engadget.com,945958
166,Emory,Horbart,ehorbart4l@netscape.com,542354
167,Devora,Coward,dcoward4m@dmoz.org,515057
168,Imelda,Dolohunty,idolohunty4n@vimeo.com,877443
169,Reyna,Stapells,rstapells4o@miitbeian.gov.cn,780086
170,Thekla,Bonsey,tbonsey4p@deviantart.com,633597
171,Ivor,Blackaller,iblackaller4q@buzzfeed.com,494167
172,Tomkin,Poland,tpoland4r@simplemachines.org,154592
173,Vinnie,Moreinu,vmoreinu4s@about.me,402296
174,Stafani,Lowfill,slowfill4t@tuttocitta.it,118908
175,Malvin,Roarty,mroarty4u@theglobeandmail.com,845942
176,Effie,Sherebrook,esherebrook4v@miibeian.gov.cn,470811
177,Celie,Issit,cissit4w@house.gov,243250
178,Hayden,Knotton,hknotton4x@com.com,100063
179,Rusty,Lightowlers,rlightowlers4y@blogger.com,597927
180,Devinne,Chessum,dchessum4z@spiegel.de,548866
181,Johnette,Gebbie,jgebbie50@mapquest.com,895613
182,Rancell,Waterfall,rwaterfall51@bandcamp.com,846710
183,Joey,Sear,jsear52@narod.ru,533014
184,Cilka,Larmor,clarmor53@mysql.com,953502
185,Claresta,Pile,cpile54@blog.com,551892
186,Flinn,Butterick,fbutterick55@wikia.com,91615
187,Selena,Dempster,sdempster56@bbb.org,208695
188,Flss,Calvert,fcalvert57@reverbnation.com,611450
189,Eben,Turfes,eturfes58@abc.net.au,241830
190,Melesa,Windross,mwindross59@amazonaws.com,821755
191,Francois,McEneny,fmceneny5a@pbs.org,644289
192,Kristos,Gath,kgath5b@bigcartel.com,370798
193,Don,Reames,dreames5c@clickbank.net,854754
194,Nikola,Gwyer,ngwyer5d@cam.ac.uk,509113
195,Fredelia,Oak,foak5e@netlog.com,375356
196,Mitchael,Aldam,maldam5f@g.co,898630
197,Aloisia,Lamp,alamp5g@qq.com,128284
198,Kitty,Symmons,ksymmons5h@constantcontact.com,708407
199,Caesar,Salan,csalan5i@multiply.com,179214
200,Teador,Drillot,tdrillot5j@zimbio.com,569912
201,Olenolin,Lumbly,olumbly5k@marketwatch.com,677228
202,Nils,Frame,nframe5l@google.com,159463
203,Denny,Chave,dchave5m@google.com,357308
204,Clair,Brittan,cbrittan5n@miibeian.gov.cn,207925
205,Brade,Shute,bshute5o@youku.com,181332
206,Cosmo,Egger,cegger5p@foxnews.com,735274
207,Vilma,Alvarado,valvarado5q@a8.net,500586
208,Claiborn,Edelston,cedelston5r@acquirethisname.com,756616
209,Zora,Shillitoe,zshillitoe5s@vistaprint.com,777195
210,Shirl,Privett,sprivett5t@altervista.org,769492
211,Dyann,Sheen,dsheen5u@networksolutions.com,126328
212,Latrina,Jaggard,ljaggard5v@w3.org,613390
213,Tommi,Cardenas,tcardenas5w@cbslocal.com,904021
214,Salomon,Gland,sgland5x@pbs.org,266643
215,Leonelle,Aslen,laslen5y@twitter.com,143432
216,Alistair,Clive,aclive5z@stanford.edu,373086
217,Conrado,Woodland,cwoodland60@sbwire.com,590576
218,Colby,Renvoys,crenvoys61@opensource.org,183420
219,Karel,Golde,kgolde62@shutterfly.com,468127
220,Karisa,Tremellan,ktremellan63@last.fm,908310
221,Sharia,Syers,ssyers64@dion.ne.jp,814124
222,Jeffry,Gainseford,jgainseford65@mlb.com,997664
223,Jenine,Pinor,jpinor66@seesaa.net,739683
224,Alexio,Philbrick,aphilbrick67@utexas.edu,630342
225,Gayle,Quernel,gquernel68@huffingtonpost.com,322529
226,Ives,Eglin,ieglin69@tiny.cc,171203
227,Grissel,Bockings,gbockings6a@nifty.com,572623
228,Lynnett,Kemery,lkemery6b@nydailynews.com,428156
229,Karita,Brownlow,kbrownlow6c@wsj.com,82334
230,Griffie,Balfour,gbalfour6d@miitbeian.gov.cn,995555
231,Vera,Boas,vboas6e@amazon.co.jp,785250
232,Natale,Brick,nbrick6f@biglobe.ne.jp,798383
233,Janaye,Ionn,jionn6g@plala.or.jp,814382
234,Ilse,Ewan,iewan6h@i2i.jp,962156
235,Hansiain,Lucy,hlucy6i@hatena.ne.jp,893760
236,Norry,Caton,ncaton6j@nps.gov,782373
237,Aliza,Crump,acrump6k@geocities.com,719965
238,Davita,Grieveson,dgrieveson6l@ucoz.com,492491
239,Stefan,Rainsden,srainsden6m@marketwatch.com,82405
240,Federica,Marzello,fmarzello6n@ocn.ne.jp,268812
241,Willi,Marris,wmarris6o@mayoclinic.com,869013
242,Tally,Eldrid,teldrid6p@bandcamp.com,279379
243,Sybil,Pinckney,spinckney6q@dyndns.org,329714
244,Alec,Sennett,asennett6r@sciencedaily.com,549623
245,Irving,Clementson,iclementson6s@craigslist.org,177436
246,Scarlet,Thunnercliffe,sthunnercliffe6t@constantcontact.com,699735
247,Sonny,Gradwell,sgradwell6u@stumbleupon.com,772370
248,Mollee,Atwood,matwood6v@zdnet.com,473520
249,Ulric,Pelcheur,upelcheur6w@joomla.org,644292
250,Flory,Rymour,frymour6x@nyu.edu,900904
251,Adelaide,Boagey,aboagey6y@house.gov,690371
252,Johny,Rolles,jrolles6z@sciencedaily.com,263044
253,Eberhard,Egglestone,eegglestone70@bbc.co.uk,998158
254,Heall,Moraleda,hmoraleda71@bravesites.com,348422
255,Cirillo,Kingzett,ckingzett72@dyndns.org,734222
256,Geoff,Edwick,gedwick73@gov.uk,802225
257,Nana,Croizier,ncroizier74@reference.com,326197
258,Abe,Applebee,aapplebee75@nih.gov,453802
259,Charlot,Matuska,cmatuska76@cisco.com,553926
260,Valli,Kilgour,vkilgour77@google.com.hk,281175
261,Jessica,Janway,jjanway78@skype.com,273918
262,Mead,Cadore,mcadore79@bandcamp.com,148699
263,Taite,Sutter,tsutter7a@xinhuanet.com,279785
264,Sella,Whissell,swhissell7b@sitemeter.com,404182
265,Joete,Camelli,jcamelli7c@home.pl,65945
266,Garik,Marney,gmarney7d@friendfeed.com,758546
267,Ofella,Crowcroft,ocrowcroft7e@alibaba.com,592352
268,Renado,Yanshonok,ryanshonok7f@stumbleupon.com,468828
269,Hortensia,Houlaghan,hhoulaghan7g@fastcompany.com,465844
270,Pebrook,McDarmid,pmcdarmid7h@photobucket.com,416037
271,Rickey,Moneypenny,rmoneypenny7i@typepad.com,260024
272,Claudelle,Bortoloni,cbortoloni7j@ning.com,439943
273,Artus,Trenear,atrenear7k@1und1.de,77333
274,Cookie,Domange,cdomange7l@globo.com,282211
275,Cherise,Yashunin,cyashunin7m@dropbox.com,416962
276,Jayson,Comi,jcomi7n@reuters.com,868085
277,Claresta,Wheowall,cwheowall7o@prlog.org,124138
278,Nelie,Rowantree,nrowantree7p@ehow.com,772485
279,Reagen,Baughen,rbaughen7q@dot.gov,84995
280,Nertie,Jolliff,njolliff7r@jalbum.net,231105
281,Selene,Roft,sroft7s@fc2.com,158821
282,Ginelle,MacLardie,gmaclardie7t@youtube.com,80314
283,Verney,Swanborough,vswanborough7u@deliciousdays.com,939665
284,Maurita,Edler,medler7v@gov.uk,448283
285,Pooh,Ridsdole,pridsdole7w@dailymotion.com,569294
286,Woodie,Nulty,wnulty7x@joomla.org,817111
287,Gnni,Allard,gallard7y@google.es,949439
288,Gilly,Cornau,gcornau7z@ow.ly,213675
289,Rudyard,Rydings,rrydings80@utexas.edu,818685
290,Malva,Corrett,mcorrett81@odnoklassniki.ru,436494
291,Corie,Mumm,cmumm82@tmall.com,469745
292,Aggy,Dunbleton,adunbleton83@sbwire.com,739258
293,Rebbecca,Glede,rglede84@theglobeandmail.com,907667
294,Shelli,Simioni,ssimioni85@sfgate.com,364223
295,Frederick,Folliss,ffolliss86@list-manage.com,959719
296,Kerstin,Impett,kimpett87@studiopress.com,934569
297,Paddie,Szachniewicz,pszachniewicz88@jalbum.net,83966
298,Lowe,Jackling,ljackling89@google.nl,465425
299,Romonda,McCartney,rmccartney8a@imageshack.us,817534
300,Anatollo,Muldownie,amuldownie8b@chicagotribune.com,690671
301,Florry,Calderbank,fcalderbank8c@posterous.com,843396
302,Courtenay,Gallandre,cgallandre8d@earthlink.net,741746
303,Evvy,Favey,efavey8e@bloomberg.com,531951
304,Clemmie,Ellerton,cellerton8f@vistaprint.com,751185
305,Keen,McGeachie,kmcgeachie8g@walmart.com,836572
306,Lynnell,Duthie,lduthie8h@altervista.org,188750
307,Norbert,Cowen,ncowen8i@indiatimes.com,876414
308,Candis,Warby,cwarby8j@google.com.au,984261
309,Burk,Gilhoolie,bgilhoolie8k@rediff.com,728730
310,Benedicto,McCollum,bmccollum8l@unc.edu,157209
311,Petrina,Daws,pdaws8m@xrea.com,771230
312,Domingo,Bilbrey,dbilbrey8n@angelfire.com,521491
313,Robinson,Tolworthie,rtolworthie8o@ucoz.ru,526798
314,Kellie,Morton,kmorton8p@usda.gov,321195
315,Abe,Sewart,asewart8q@narod.ru,860541
316,Ardenia,Romme,aromme8r@ft.com,119376
317,Sybilla,Turrill,sturrill8s@uiuc.edu,440121
318,Aguste,Gerauld,agerauld8t@hexun.com,323418
319,Glenna,Karlsen,gkarlsen8u@nba.com,935969
320,Vincent,Terran,vterran8v@cargocollective.com,104724
321,Phillip,Lankham,plankham8w@cdc.gov,467643
322,Clay,Awin,cawin8x@biglobe.ne.jp,614560
323,Naomi,Renachowski,nrenachowski8y@homestead.com,160013
324,Winthrop,Willmott,wwillmott8z@nih.gov,817206
325,Goddard,Feast,gfeast90@ihg.com,256303
326,Vale,Reddlesden,vreddlesden91@ycombinator.com,815988
327,Waverly,Scotting,wscotting92@fema.gov,476981
328,Findley,Huet,fhuet93@ca.gov,377549
329,Louis,Gleasane,lgleasane94@google.co.uk,399921
330,Ramona,Berney,rberney95@mac.com,969728
331,Cesar,Leggatt,cleggatt96@ycombinator.com,540194
332,Cynthy,Aguilar,caguilar97@geocities.jp,369043
333,Bernette,Nadin,bnadin98@canalblog.com,64710
334,Ursa,Thieme,uthieme99@marketwatch.com,848702
335,Hildegaard,Casone,hcasone9a@smh.com.au,431416
336,Art,Vyvyan,avyvyan9b@omniture.com,960862
337,Edgar,Lesser,elesser9c@time.com,812545
338,Teresa,Binnall,tbinnall9d@woothemes.com,877535
339,Sosanna,Boar,sboar9e@people.com.cn,143150
340,Francois,Mersey,fmersey9f@cdc.gov,606267
341,Llewellyn,Kynton,lkynton9g@opera.com,359432
342,Cathee,Wilcinskis,cwilcinskis9h@hexun.com,217379
343,Bryna,Fockes,bfockes9i@flickr.com,188242
344,Devora,Cordobes,dcordobes9j@storify.com,353040
345,Gav,McLaine,gmclaine9k@usgs.gov,820316
346,Aleta,Bowgen,abowgen9l@reverbnation.com,876532
347,Willis,Semerad,wsemerad9m@unblog.fr,405055
348,Oliver,Stanbury,ostanbury9n@skyrock.com,265121
349,Bailey,Duthie,bduthie9o@blogger.com,385749
350,Maisey,Widdop,mwiddop9p@nasa.gov,362613
351,Agretha,Panner,apanner9q@creativecommons.org,903638
352,Darcey,Dur,ddur9r@sun.com,965915
353,Romy,Rozenbaum,rrozenbaum9s@icq.com,78753
354,Vally,Alcoran,valcoran9t@bing.com,977390
355,Vern,Abram,vabram9u@issuu.com,824741
356,Sari,Boggis,sboggis9v@csmonitor.com,891745
357,Had,Sumers,hsumers9w@aol.com,703632
358,Milt,Fausset,mfausset9x@deviantart.com,733871
359,Faun,Estable,festable9y@businessinsider.com,279599
360,Liam,Tippler,ltippler9z@google.es,375297
361,Tamara,MacGettigen,tmacgettigena0@moonfruit.com,602673
362,Robinet,Querrard,rquerrarda1@deviantart.com,394779
363,Kassey,Gobell,kgobella2@comcast.net,360555
364,Jehanna,Penning,jpenninga3@g.co,175184
365,Dev,Binnall,dbinnalla4@google.co.uk,770271
366,Reider,Hambly,rhamblya5@sogou.com,79398
367,Patsy,Daviot,pdaviota6@cdbaby.com,508004
368,Willamina,Carbert,wcarberta7@ycombinator.com,923645
369,Jonah,McLagan,jmclagana8@chicagotribune.com,196324
370,Glennis,Symmers,gsymmersa9@sbwire.com,717431
371,Brook,Mucillo,bmucilloaa@issuu.com,405634
372,Ivie,Gunson,igunsonab@addtoany.com,104078
373,Tansy,Matiewe,tmatieweac@sourceforge.net,281572
374,Rutledge,Edie,rediead@japanpost.jp,826672
375,Pennie,Everill,peverillae@github.com,357487
376,Shayla,Restieaux,srestieauxaf@bravesites.com,281593
377,Jonah,Griffiths,jgriffithsag@amazon.de,226082
378,Chas,Crang,ccrangah@youtu.be,995825
379,Roland,Exall,rexallai@baidu.com,725491
380,Eward,Suddick,esuddickaj@php.net,268154
381,Gail,Balderson,gbaldersonak@reddit.com,770322
382,Lesley,Woollacott,lwoollacottal@delicious.com,355578
383,Quintilla,Whitnell,qwhitnellam@eepurl.com,133018
384,Goldie,Spawton,gspawtonan@fc2.com,987961
385,Farrell,Totman,ftotmanao@economist.com,249458
386,Chelsy,Lardez,clardezap@wired.com,222950
387,Katerina,Oakton,koaktonaq@upenn.edu,383615
388,Dede,Bernardi,dbernardiar@usgs.gov,540711
389,Caty,Firk,cfirkas@dedecms.com,326741
390,Grover,Silver,gsilverat@deliciousdays.com,581944
391,Giorgio,Dibden,gdibdenau@bloglovin.com,751898
392,Luella,Warboy,lwarboyav@earthlink.net,430427
393,Archambault,Di Maria,adimariaaw@spotify.com,981859
394,Angelia,Tall,atallax@zimbio.com,302925
395,Christoph,Stoppard,cstopparday@army.mil,487269
396,Emogene,Pagan,epaganaz@bloomberg.com,607413
397,Joyann,Peltzer,jpeltzerb0@wired.com,113577
398,Blinnie,Caudell,bcaudellb1@miibeian.gov.cn,73830
399,Grover,Oman,gomanb2@booking.com,795154
400,Gisele,Dimnage,gdimnageb3@blogtalkradio.com,973289
401,Bobbe,Hildrew,bhildrewb4@eepurl.com,288797
402,Yetty,Carles,ycarlesb5@vimeo.com,712517
403,Diarmid,Varney,dvarneyb6@china.com.cn,63762
404,Lancelot,Saltsberger,lsaltsbergerb7@buzzfeed.com,675049
405,Ignatius,Ropert,iropertb8@dailymail.co.uk,552459
406,Court,Komorowski,ckomorowskib9@yellowbook.com,309446
407,Sergeant,Winsome,swinsomeba@wikispaces.com,940364
408,Berne,Bredgeland,bbredgelandbb@blog.com,146034
409,Jesse,Munning,jmunningbc@twitpic.com,918746
410,Rutter,Zorro,rzorrobd@google.com.hk,415187
411,Letty,Patnelli,lpatnellibe@google.co.jp,556352
412,Goddard,Van de Velde,gvandeveldebf@ycombinator.com,379747
413,Kalina,Timberlake,ktimberlakebg@europa.eu,749850
414,Robb,Rathbourne,rrathbournebh@businessinsider.com,494560
415,Grantley,Woodsford,gwoodsfordbi@deliciousdays.com,424644
416,Genny,Plaskitt,gplaskittbj@miibeian.gov.cn,968935
417,Andre,Coan,acoanbk@cnbc.com,664156
418,Forrester,Tale,ftalebl@ameblo.jp,167709
419,Renard,Rivlin,rrivlinbm@walmart.com,675095
420,Janis,Maffione,jmaffionebn@walmart.com,636462
421,Tonia,Rhucroft,trhucroftbo@bloomberg.com,256047
422,Malachi,Wintle,mwintlebp@mail.ru,346666
423,Horatia,Fulk,hfulkbq@cmu.edu,277291
424,Carole,Etherington,cetheringtonbr@tiny.cc,524017
425,Dexter,Grimmolby,dgrimmolbybs@mayoclinic.com,682023
426,Shayna,Shillaber,sshillaberbt@seesaa.net,308955
427,Carlye,Kliemchen,ckliemchenbu@google.com.au,745790
428,Langsdon,Huston,lhustonbv@cpanel.net,965032
429,Ynes,Towns,ytownsbw@jiathis.com,249725
430,Guglielmo,Shrigley,gshrigleybx@google.co.uk,509146
431,Mirabel,Sentinella,msentinellaby@senate.gov,250948
432,Sully,Hargate,shargatebz@techcrunch.com,935053
433,Aimee,Elnough,aelnoughc0@columbia.edu,918094
434,Cindra,McDonogh,cmcdonoghc1@weibo.com,254759
435,Binni,Billie,bbilliec2@geocities.jp,845755
436,Abbi,Morkham,amorkhamc3@google.nl,923017
437,Imogen,Looby,iloobyc4@icq.com,462401
438,Lynnea,Mathew,lmathewc5@miitbeian.gov.cn,849656
439,Jemima,Ionnidis,jionnidisc6@livejournal.com,656396
440,Alfreda,Elger,aelgerc7@twitpic.com,815720
441,Dominique,Hubert,dhubertc8@t.co,859103
442,Mia,Canet,mcanetc9@umich.edu,712142
443,Crin,Duckham,cduckhamca@omniture.com,120410
444,Rodolph,Pacht,rpachtcb@icq.com,642730
445,Tessi,Shermore,tshermorecc@msu.edu,712784
446,Aline,Schruyers,aschruyerscd@indiegogo.com,103570
447,Jacinta,MacNeice,jmacneicece@wired.com,222091
448,Vittoria,Sweet,vsweetcf@china.com.cn,448466
449,Belle,Pischel,bpischelcg@elpais.com,983989
450,Elihu,Hanaby,ehanabych@go.com,181469
451,Beverlie,Thireau,bthireauci@google.fr,126674
452,Lionello,Krop,lkropcj@ustream.tv,632017
453,Irvin,Schneidau,ischneidauck@taobao.com,713696
454,Sonny,Overell,soverellcl@comcast.net,408489
455,Marlon,Burlay,mburlaycm@sogou.com,597342
456,Issiah,Erwin,ierwincn@thetimes.co.uk,495650
457,Baily,Porson,bporsonco@twitpic.com,216514
458,Lou,Corkell,lcorkellcp@artisteer.com,64460
459,Kendall,Burchmore,kburchmorecq@omniture.com,234579
460,Gilbertine,Hedditch,ghedditchcr@nhs.uk,101452
461,Calley,Bellingham,cbellinghamcs@people.com.cn,258362
462,Rhonda,Demcak,rdemcakct@eepurl.com,183828
463,Ermengarde,Sweedland,esweedlandcu@telegraph.co.uk,588151
464,Jay,Dods,jdodscv@infoseek.co.jp,155396
465,Doretta,Gepp,dgeppcw@studiopress.com,472325
466,Michal,Burdon,mburdoncx@paypal.com,660644
467,Retha,Rowlin,rrowlincy@youku.com,290157
468,Mehetabel,Chaulk,mchaulkcz@baidu.com,157465
469,Cointon,Adamek,cadamekd0@miibeian.gov.cn,965614
470,Beth,Demcak,bdemcakd1@va.gov,661343
471,Marilin,Ladyman,mladymand2@bbc.co.uk,710383
472,Rice,Sainthill,rsainthilld3@flavors.me,954041
473,Deb,Trineman,dtrinemand4@stumbleupon.com,406882
474,Ronalda,Padbery,rpadberyd5@sciencedirect.com,879426
475,Anett,Copin,acopind6@china.com.cn,489225
476,Kyle,Buntin,kbuntind7@adobe.com,495976
477,Farrand,Byllam,fbyllamd8@nhs.uk,323933
478,Belvia,Peerless,bpeerlessd9@dion.ne.jp,845843
479,Jeramie,Rops,jropsda@go.com,805147
480,Sarina,Quinevan,squinevandb@reddit.com,700826
481,Gwendolen,Aldersley,galdersleydc@furl.net,141713
482,Rachel,Power,rpowerdd@4shared.com,274172
483,Andras,Medlar,amedlarde@g.co,282245
484,Killy,Cosley,kcosleydf@forbes.com,598338
485,Annissa,Hesser,ahesserdg@biglobe.ne.jp,789543
486,Benson,Mannock,bmannockdh@facebook.com,353986
487,Marybelle,Tomaszewski,mtomaszewskidi@baidu.com,686040
488,Dougie,Atyeo,datyeodj@joomla.org,627038
489,Cairistiona,Nightingale,cnightingaledk@drupal.org,80380
490,Tripp,Antyukhin,tantyukhindl@google.com.au,383112
491,Morgun,Gulland,mgullanddm@oaic.gov.au,280683
492,Pooh,Le Marchant,plemarchantdn@paginegialle.it,649343
493,Paulina,Grinyer,pgrinyerdo@rediff.com,607223
494,Trudey,Clemett,tclemettdp@mayoclinic.com,175802
495,Yvon,January 1st,yjanuarystdq@1688.com,942396
496,Yorgo,Hatchette,yhatchettedr@adobe.com,484539
497,Callie,Vase,cvaseds@dmoz.org,96017
498,Rhonda,Jays,rjaysdt@amazonaws.com,701363
499,Wenda,Convery,wconverydu@elpais.com,447821
500,Kaia,Short,kshortdv@aol.com,343567
501,Konstanze,Cozby,kcozbydw@accuweather.com,396542
502,Guido,Dunkerton,gdunkertondx@dell.com,912531
503,Rees,Cremins,rcreminsdy@digg.com,584413
504,Tommy,Couling,tcoulingdz@dot.gov,384188
505,Farica,Enga,fengae0@zimbio.com,267594
506,Horatio,Fyrth,hfyrthe1@163.com,726016
507,Karlene,Moorcroft,kmoorcrofte2@mozilla.org,314715
508,Datha,Howlett,dhowlette3@cbc.ca,208074
509,Kerrin,Vales,kvalese4@forbes.com,922938
510,Caitrin,Spalding,cspaldinge5@ustream.tv,791917
511,Evonne,Van Vuuren,evanvuurene6@naver.com,729927
512,Marlane,Rozalski,mrozalskie7@phpbb.com,374099
513,Roth,Morby,rmorbye8@theguardian.com,683750
514,Meryl,Steet,msteete9@webeden.co.uk,101884
515,Toby,Naisbet,tnaisbetea@telegraph.co.uk,621930
516,Zak,Gaitskell,zgaitskelleb@acquirethisname.com,401845
517,Eugine,Sneddon,esneddonec@comsenz.com,173673
518,Alvinia,Botwright,abotwrighted@springer.com,191116
519,Isa,Linsay,ilinsayee@live.com,558271
520,Isak,Westrope,iwestropeef@topsy.com,385161
521,Marmaduke,Roelofs,mroelofseg@europa.eu,274091
522,Nicoli,Scotti,nscottieh@canalblog.com,548286
523,Harlan,Drust,hdrustei@usatoday.com,319945
524,Shellie,Woolvett,swoolvettej@ezinearticles.com,183844
525,Ulrika,Newham,unewhamek@ovh.net,467459
526,Vance,Peter,vpeterel@about.me,957545
527,Maitilde,MacAleese,mmacaleeseem@illinois.edu,423207
528,Josiah,Thacker,jthackeren@nifty.com,345715
529,Mort,Blyth,mblytheo@paginegialle.it,754962
530,Kristina,Caplan,kcaplanep@java.com,467974
531,Bale,Kleinhaus,bkleinhauseq@cpanel.net,817915
532,Shayna,Juszkiewicz,sjuszkiewiczer@ycombinator.com,614616
533,Bale,Vearncombe,bvearncombees@google.es,480185
534,Lynnell,Hawkeridge,lhawkeridgeet@npr.org,71822
535,Teodoor,Brehaut,tbrehauteu@tripod.com,591361
536,Rowen,Snaden,rsnadenev@ovh.net,107865
537,Matthaeus,Steanson,msteansonew@facebook.com,138175
538,Vernon,Waldie,vwaldieex@squidoo.com,215209
539,Willi,Petronis,wpetronisey@sourceforge.net,635322
540,Blondelle,Ethersey,betherseyez@dion.ne.jp,78024
541,Iago,Lepoidevin,ilepoidevinf0@ucsd.edu,344309
542,Vincents,Warrender,vwarrenderf1@ca.gov,717900
543,Kylie,Mc Elory,kmceloryf2@eepurl.com,90161
544,Niel,Edwicke,nedwickef3@xinhuanet.com,561268
545,Shalne,Poncet,sponcetf4@bandcamp.com,664223
546,Sholom,McGann,smcgannf5@gnu.org,820734
547,Shepherd,Garlee,sgarleef6@umn.edu,363046
548,Lanna,Radley,lradleyf7@msu.edu,941682
549,Kimbra,Hutchcraft,khutchcraftf8@rediff.com,396735
550,Blancha,Chaloner,bchalonerf9@marriott.com,216788
551,Joete,Bocking,jbockingfa@bravesites.com,741394
552,Ilysa,Domengue,idomenguefb@google.es,949346
553,Mallorie,Cathenod,mcathenodfc@bigcartel.com,230247
554,Brandon,Antuoni,bantuonifd@t-online.de,934750
555,Evvie,Cameron,ecameronfe@patch.com,736430
556,Kiah,Featherstonehaugh,kfeatherstonehaughff@ocn.ne.jp,964598
557,Ravid,Gullen,rgullenfg@guardian.co.uk,907674
558,Ambros,Nussii,anussiifh@sitemeter.com,365544
559,Calida,Philippe,cphilippefi@utexas.edu,799416
560,Tuesday,Ebourne,tebournefj@comsenz.com,289638
561,Eachelle,O'Leary,eolearyfk@cam.ac.uk,787508
562,Lolly,Bezants,lbezantsfl@shareasale.com,543061
563,Marjy,Suarez,msuarezfm@berkeley.edu,633531
564,Jeni,Fairest,jfairestfn@github.io,369449
565,Farley,Bromage,fbromagefo@g.co,911713
566,Mervin,Caberas,mcaberasfp@addtoany.com,719828
567,Burnaby,Gove,bgovefq@cnbc.com,911127
568,Ethelred,Hardwidge,ehardwidgefr@google.it,537147
569,Gay,Ambrose,gambrosefs@wikispaces.com,822452
570,Timmie,Brimfield,tbrimfieldft@goo.ne.jp,673558
571,Hubie,Ambrogelli,hambrogellifu@washingtonpost.com,282176
572,Othello,Creeber,ocreeberfv@tumblr.com,690297
573,Nonie,Easterling,neasterlingfw@over-blog.com,78600
574,Carree,Josofovitz,cjosofovitzfx@booking.com,586109
575,Imojean,Vanstone,ivanstonefy@gnu.org,581353
576,Dasi,Rhydderch,drhydderchfz@narod.ru,761605
577,Inge,Pawlick,ipawlickg0@g.co,502244
578,Grantley,Milbourn,gmilbourng1@dropbox.com,888449
579,Maurizia,Yarnley,myarnleyg2@time.com,686710
580,Hazlett,Havoc,hhavocg3@microsoft.com,483004
581,Rosalinda,Flieger,rfliegerg4@phpbb.com,229893
582,Tracey,Belding,tbeldingg5@issuu.com,694734
583,Rodolphe,Tabbernor,rtabbernorg6@bluehost.com,931693
584,Roarke,Ortell,rortellg7@oakley.com,711397
585,Rubi,Bonar,rbonarg8@drupal.org,213919
586,Heddi,Klimontovich,hklimontovichg9@nps.gov,984297
587,Fayina,MacPaike,fmacpaikega@opera.com,762467
588,Sharyl,Willimott,swillimottgb@taobao.com,859815
589,Sonja,Durtnal,sdurtnalgc@japanpost.jp,716249
590,Bronny,Hartlebury,bhartleburygd@businessweek.com,376675
591,Shannon,Girodin,sgirodinge@123-reg.co.uk,278112
592,Carmine,Rijkeseis,crijkeseisgf@typepad.com,733516
593,Lucy,Ropert,lropertgg@pinterest.com,270689
594,Jervis,Axel,jaxelgh@dedecms.com,161848
595,Glynis,Melvin,gmelvingi@blog.com,765872
596,Aluino,Klejin,aklejingj@meetup.com,77220
597,Hastie,Pidgeley,hpidgeleygk@oracle.com,731811
598,Allianora,Halwell,ahalwellgl@amazon.co.jp,559300
599,Eugenie,McGookin,emcgookingm@facebook.com,901608
600,Sheelagh,Dessant,sdessantgn@biblegateway.com,390471
601,Mackenzie,MacSween,mmacsweengo@usnews.com,911015
602,Velvet,Maletratt,vmaletrattgp@t.co,159185
603,Marilyn,Simonian,msimoniangq@desdev.cn,522432
604,Robbi,Penticost,rpenticostgr@smh.com.au,356303
605,Ollie,VanBrugh,ovanbrughgs@usgs.gov,159267
606,Hattie,Butting,hbuttinggt@addthis.com,352131
607,Essie,Gawke,egawkegu@telegraph.co.uk,329885
608,Ker,McBratney,kmcbratneygv@barnesandnoble.com,975458
609,Valencia,Kimber,vkimbergw@arstechnica.com,367862
610,Thaddeus,Duley,tduleygx@bing.com,393547
611,Artur,Suckling,asucklinggy@hubpages.com,546656
612,Hyacinthia,Forestall,hforestallgz@joomla.org,728484
613,Noak,Skryne,nskryneh0@joomla.org,125864
614,Talya,Top,ttoph1@mac.com,942814
615,Chrissy,Witcomb,cwitcombh2@npr.org,81576
616,Ellwood,Strowthers,estrowthersh3@ca.gov,390039
617,Sarge,Vincent,svincenth4@cnet.com,719283
618,Ashlen,Canelas,acanelash5@surveymonkey.com,123066
619,Silvanus,Seaborne,sseaborneh6@alibaba.com,570107
620,Pernell,Diss,pdissh7@kickstarter.com,753022
621,Frasco,Mingame,fmingameh8@yellowbook.com,720072
622,Killian,Duthie,kduthieh9@guardian.co.uk,719388
623,Ernesto,Yeoland,eyeolandha@squarespace.com,271819
624,Ernaline,Stark,estarkhb@yale.edu,297164
625,Ivar,Bugdall,ibugdallhc@pcworld.com,809726
626,Rees,Human,rhumanhd@shop-pro.jp,799873
627,Brok,Caldroni,bcaldronihe@hugedomains.com,781347
628,Emmie,Coltman,ecoltmanhf@youku.com,373026
629,Renaud,Syne,rsynehg@cnet.com,286358
630,Allayne,Mees,ameeshh@gizmodo.com,456061
631,Ansell,Waylett,awayletthi@timesonline.co.uk,942024
632,Bellina,Harrhy,bharrhyhj@youtu.be,849009
633,Glen,Paulmann,gpaulmannhk@oakley.com,373215
634,Evin,Wiggins,ewigginshl@google.com,75539
635,Kasey,Brisker,kbriskerhm@myspace.com,752081
636,Tally,Morford,tmorfordhn@intel.com,640113
637,Fey,Jollye,fjollyeho@google.nl,473080
638,Martguerita,Leap,mleaphp@princeton.edu,488894
639,Niven,Krysztofiak,nkrysztofiakhq@mediafire.com,207329
640,Donaugh,Syversen,dsyversenhr@ftc.gov,269190
641,Devon,Codi,dcodihs@discuz.net,240684
642,Fenelia,Trethowan,ftrethowanht@ihg.com,857272
643,Selene,Domerq,sdomerqhu@sun.com,717759
644,Shaylynn,Giorgioni,sgiorgionihv@goo.gl,698133
645,Cesaro,Pattison,cpattisonhw@bloglovin.com,364507
646,Isabelle,Spriggin,isprigginhx@quantcast.com,608304
647,Ester,Pharo,epharohy@youtube.com,861910
648,Siegfried,Blampey,sblampeyhz@nasa.gov,437723
649,Brian,Barense,bbarensei0@telegraph.co.uk,729518
650,Lurette,Di Meo,ldimeoi1@creativecommons.org,463017
651,Ab,Benne,abennei2@paginegialle.it,601729
652,Bastien,Pipe,bpipei3@nbcnews.com,541746
653,Leo,Kuhndel,lkuhndeli4@privacy.gov.au,224111
654,Damon,Tellwright,dtellwrighti5@twitpic.com,842643
655,Joelly,Wisden,jwisdeni6@oaic.gov.au,683016
656,Armando,Duthy,aduthyi7@mlb.com,740512
657,Arty,Grady,agradyi8@studiopress.com,982374
658,Lotta,Pugh,lpughi9@opensource.org,330930
659,Tabby,Fowlston,tfowlstonia@discuz.net,146816
660,Giffard,Brozsset,gbrozssetib@google.ca,926235
661,Tisha,Daybell,tdaybellic@thetimes.co.uk,537142
662,Sheelah,Piggin,spigginid@wunderground.com,360102
663,Ingram,Penfold,ipenfoldie@slashdot.org,322339
664,Magdalene,Asey,maseyif@mac.com,238772
665,Gorden,Dundon,gdundonig@networksolutions.com,144406
666,Arin,Farherty,afarhertyih@amazon.com,103416
667,Paulo,Rawson,prawsonii@irs.gov,756814
668,Elmer,Ackhurst,eackhurstij@tmall.com,839453
669,Reeva,Chatan,rchatanik@elegantthemes.com,381445
670,Lura,Kiezler,lkiezleril@mail.ru,944383
671,Winslow,Thebeaud,wthebeaudim@upenn.edu,990134
672,Alma,Blaw,ablawin@drupal.org,290663
673,Christie,Parlet,cparletio@pcworld.com,507500
674,Dorothee,Degue,ddegueip@nps.gov,860335
675,Flossy,Eastmead,feastmeadiq@dion.ne.jp,911583
676,Elise,Ricioppo,ericioppoir@surveymonkey.com,77570
677,Antony,Stirman,astirmanis@cargocollective.com,963159
678,Shermy,MacConnal,smacconnalit@blinklist.com,563226
679,Godfrey,Robarts,grobartsiu@usda.gov,132256
680,Nestor,Flisher,nflisheriv@dropbox.com,285052
681,Zorah,Swalwel,zswalweliw@shareasale.com,820906
682,Trudy,Powland,tpowlandix@hhs.gov,693327
683,Cozmo,Tourry,ctourryiy@constantcontact.com,130541
684,Borg,Kettridge,bkettridgeiz@telegraph.co.uk,872444
685,Philly,Dilrew,pdilrewj0@unblog.fr,638589
686,Chickie,Van Rembrandt,cvanrembrandtj1@friendfeed.com,391733
687,Wallis,Ivankov,wivankovj2@meetup.com,291435
688,Symon,Jaslem,sjaslemj3@ft.com,830479
689,Flory,Pottle,fpottlej4@lulu.com,448331
690,Svend,Desmond,sdesmondj5@japanpost.jp,438951
691,Kaja,Bidnall,kbidnallj6@who.int,745478
692,Georg,Olenov,golenovj7@china.com.cn,100051
693,Paten,Milmore,pmilmorej8@ebay.com,512673
694,Lettie,Renfree,lrenfreej9@wp.com,455966
695,Hi,Hiskey,hhiskeyja@psu.edu,872332
696,Karlan,MacGowing,kmacgowingjb@baidu.com,864983
697,Theresina,Langrish,tlangrishjc@globo.com,100328
698,Eirena,Haney,ehaneyjd@loc.gov,942108
699,Rodger,Plowman,rplowmanje@wisc.edu,440776
700,Ajay,Rawet,arawetjf@zimbio.com,65360
701,Louella,Sharpley,lsharpleyjg@hexun.com,458225
702,Abram,Siward,asiwardjh@bloglovin.com,79494
703,Egbert,McGilvary,emcgilvaryji@springer.com,364122
704,Jammie,Deathridge,jdeathridgejj@facebook.com,639709
705,Lolita,Lippini,llippinijk@infoseek.co.jp,432228
706,Maddalena,Moutray Read,mmoutrayreadjl@printfriendly.com,299175
707,Veronique,Monckman,vmonckmanjm@unesco.org,89091
708,Bunny,Capponer,bcapponerjn@360.cn,255590
709,Fidelio,Franceschi,ffranceschijo@g.co,229180
710,Karyn,Debrett,kdebrettjp@oakley.com,469274
711,Cosette,Jerrems,cjerremsjq@bravesites.com,911298
712,Vivi,Aymerich,vaymerichjr@wunderground.com,976990
713,Gregoor,Dollimore,gdollimorejs@state.gov,155927
714,Teresina,Node,tnodejt@acquirethisname.com,707539
715,Lenore,Trask,ltraskju@irs.gov,136211
716,Scarface,Drage,sdragejv@psu.edu,627926
717,Enrique,Rameaux,erameauxjw@list-manage.com,142410
718,Angelika,McNeish,amcneishjx@vk.com,254731
719,Nikola,Gohier,ngohierjy@house.gov,365495
720,Norri,Vakhlov,nvakhlovjz@lulu.com,766582
721,Sydelle,Zannotelli,szannotellik0@paypal.com,141087
722,Linn,Bastone,lbastonek1@trellian.com,541933
723,Nancy,Saunter,nsaunterk2@soup.io,77893
724,Madelle,Wilkisson,mwilkissonk3@google.cn,506325
725,Cesare,McGarahan,cmcgarahank4@friendfeed.com,887894
726,Myrtia,Clubb,mclubbk5@hao123.com,819223
727,Geoffry,Jouhning,gjouhningk6@desdev.cn,902502
728,Ashly,Weymouth,aweymouthk7@amazon.de,710056
729,Rodie,Robke,rrobkek8@flavors.me,97756
730,Burnard,Gifford,bgiffordk9@loc.gov,306694
731,Deeyn,Saunder,dsaunderka@bing.com,695834
732,Celinda,Luxford,cluxfordkb@moonfruit.com,901039
733,Clotilda,Greveson,cgrevesonkc@scientificamerican.com,518602
734,Clemmie,Skim,cskimkd@smh.com.au,679895
735,Claire,Elam,celamke@example.com,814723
736,Nanine,Veazey,nveazeykf@nymag.com,413739
737,Aldrich,Di Baudi,adibaudikg@un.org,124202
738,Reinaldos,McTerlagh,rmcterlaghkh@fc2.com,739492
739,Napoleon,Warrior,nwarriorki@hibu.com,625130
740,Obidiah,Blofield,oblofieldkj@ed.gov,519833
741,Curtis,Breagan,cbreagankk@dropbox.com,668583
742,Irv,Nias,iniaskl@nature.com,124547
743,Bruno,Sandes,bsandeskm@istockphoto.com,917091
744,Kass,Sweetlove,ksweetlovekn@msn.com,245518
745,Annelise,Cutford,acutfordko@angelfire.com,731356
746,Dorian,Grenshields,dgrenshieldskp@arizona.edu,654647
747,Adriena,Habbert,ahabbertkq@va.gov,941407
748,Eda,Benedict,ebenedictkr@hao123.com,75694
749,Rodrick,Pheasey,rpheaseyks@aol.com,776047
750,Ximenes,Flooks,xflookskt@prweb.com,292787
751,Jerrilyn,Duffil,jduffilku@timesonline.co.uk,968343
752,Marlee,Royson,mroysonkv@miibeian.gov.cn,233426
753,Haskell,Careless,hcarelesskw@marketwatch.com,564584
754,Henrik,Hull,hhullkx@telegraph.co.uk,573522
755,Germaine,Pearmine,gpearmineky@google.com.hk,451510
756,Henri,Vickerman,hvickermankz@about.me,638290
757,Adham,Advani,aadvanil0@storify.com,379190
758,Tiphanie,Altoft,taltoftl1@sbwire.com,657852
759,Carolin,Burlay,cburlayl2@i2i.jp,210614
760,Lura,Wales,lwalesl3@chicagotribune.com,145610
761,Vanna,Gerrelts,vgerreltsl4@bandcamp.com,182462
762,Gisele,Neighbour,gneighbourl5@mediafire.com,884904
763,Daren,MacAlees,dmacaleesl6@domainmarket.com,116060
764,Torey,Ellor,tellorl7@amazon.co.uk,684597
765,Yorke,Fox,yfoxl8@symantec.com,518676
766,Fabe,Pleaden,fpleadenl9@nbcnews.com,758782
767,Consuela,Rutland,crutlandla@amazon.com,608334
768,Adriana,Steers,asteerslb@blogtalkradio.com,445252
769,Willy,Castillo,wcastillolc@histats.com,80523
770,Tiffanie,Jeannenet,tjeannenetld@flickr.com,865100
771,Lothario,Gambell,lgambellle@hexun.com,894915
772,Charis,Gheerhaert,cgheerhaertlf@ovh.net,617584
773,Gardner,Sturch,gsturchlg@yellowbook.com,941606
774,Devondra,Churchley,dchurchleylh@google.co.jp,696393
775,Cherice,Sheirlaw,csheirlawli@cpanel.net,94030
776,Ysabel,Onions,yonionslj@storify.com,109912
777,Flora,Shovel,fshovellk@census.gov,991091
778,Alene,Bertomier,abertomierll@webeden.co.uk,543329
779,Mariel,Clews,mclewslm@taobao.com,510529
780,Phaedra,Lowder,plowderln@sfgate.com,239095
781,Paddie,Hacaud,phacaudlo@i2i.jp,683027
782,Jonas,Chant,jchantlp@quantcast.com,344395
783,Ulrich,Rickardsson,urickardssonlq@bloglovin.com,726678
784,Zacherie,Polack,zpolacklr@photobucket.com,345301
785,Jennica,Dollar,jdollarls@statcounter.com,755324
786,Laurella,Mangon,lmangonlt@fema.gov,756979
787,Sayres,Howgill,showgilllu@accuweather.com,930958
788,Nadine,Bento,nbentolv@ucoz.ru,105251
789,Katerine,Szapiro,kszapirolw@wordpress.org,241940
790,Lance,Linnard,llinnardlx@example.com,166798
791,Bobbee,Justun,bjustunly@oakley.com,918323
792,Teddy,Clemont,tclemontlz@php.net,411474
793,Pierson,Yackiminie,pyackiminiem0@printfriendly.com,168213
794,Cedric,De Malchar,cdemalcharm1@multiply.com,473392
795,Odele,Portman,oportmanm2@acquirethisname.com,157655
796,Rebeka,Blenkin,rblenkinm3@mayoclinic.com,273279
797,Debbie,Yelland,dyellandm4@over-blog.com,795527
798,Jacqui,Jardine,jjardinem5@abc.net.au,143850
799,Tillie,Earie,teariem6@gizmodo.com,331836
800,Fields,Tolchard,ftolchardm7@pcworld.com,371535
801,Matthus,Dumphry,mdumphrym8@gravatar.com,269766
802,Peyton,Grimsditch,pgrimsditchm9@eepurl.com,361024
803,Wendeline,Vassbender,wvassbenderma@wunderground.com,262648
804,Kimberlee,Kiera,kkieramb@sakura.ne.jp,389282
805,Pollyanna,Lackie,plackiemc@forbes.com,864155
806,Juliann,Morshead,jmorsheadmd@amazon.co.jp,542032
807,Jeramey,Trahmel,jtrahmelme@lulu.com,907953
808,Stevena,Reims,sreimsmf@fotki.com,205754
809,Merna,Purcer,mpurcermg@mayoclinic.com,229502
810,Judye,Madeley,jmadeleymh@apache.org,816847
811,Anabel,Mazzia,amazziami@omniture.com,981898
812,Jarrett,Romagosa,jromagosamj@geocities.com,194687
813,Brandon,Dearman,bdearmanmk@aol.com,304227
814,Conny,Feldharker,cfeldharkerml@si.edu,590577
815,Kelbee,Vallantine,kvallantinemm@list-manage.com,83977
816,Donnie,Oades,doadesmn@bizjournals.com,308184
817,Lisabeth,Rustedge,lrustedgemo@google.es,877783
818,Lanni,Cossum,lcossummp@canalblog.com,150638
819,Morgan,de Guise,mdeguisemq@redcross.org,844924
820,Eliot,Piatkowski,epiatkowskimr@harvard.edu,377321
821,Roxie,Utterson,ruttersonms@artisteer.com,623263
822,Lanna,MacCawley,lmaccawleymt@yellowpages.com,948136
823,Louisa,Cluley,lcluleymu@google.pl,743061
824,Donna,Trubshawe,dtrubshawemv@linkedin.com,829051
825,Chickie,Fomichyov,cfomichyovmw@alexa.com,584727
826,Jorie,Goldberg,jgoldbergmx@com.com,525120
827,Anders,Greasley,agreasleymy@networksolutions.com,149251
828,Harcourt,Korejs,hkorejsmz@imdb.com,108582
829,Ramon,Ortet,rortetn0@bing.com,992952
830,Alla,Calam,acalamn1@nih.gov,884028
831,Ayn,Coogan,acoogann2@vimeo.com,989485
832,Bambie,Dunlop,bdunlopn3@eventbrite.com,157427
833,Eilis,Widdop,ewiddopn4@etsy.com,173738
834,Paola,Dykins,pdykinsn5@shop-pro.jp,763136
835,Miles,Wiskar,mwiskarn6@ning.com,379772
836,Eduino,Cullinan,ecullinann7@unblog.fr,638009
837,Kean,Costelow,kcostelown8@squarespace.com,828999
838,Jonas,Lamblin,jlamblinn9@kickstarter.com,246402
839,Lina,Bebb,lbebbna@pagesperso-orange.fr,118583
840,Mile,Stockey,mstockeynb@nps.gov,217585
841,Alphonso,Hugnet,ahugnetnc@utexas.edu,535199
842,Avie,Hamlyn,ahamlynnd@elegantthemes.com,961668
843,Halsy,Nilges,hnilgesne@intel.com,997684
844,Liva,Schinetti,lschinettinf@youtu.be,854394
845,Dehlia,Warn,dwarnng@accuweather.com,752943
846,Davis,Camilli,dcamillinh@vistaprint.com,460721
847,Lolita,Ceaser,lceaserni@cbslocal.com,643304
848,Harbert,Daley,hdaleynj@walmart.com,719906
849,Marleen,Heindrich,mheindrichnk@shareasale.com,256974
850,Consalve,Hazeman,chazemannl@blogger.com,170698
851,Irina,Stubbs,istubbsnm@rediff.com,101522
852,Dion,Mangham,dmanghamnn@t-online.de,503125
853,Tracy,Luc,tlucno@histats.com,424475
854,Darsie,Wasteney,dwasteneynp@cmu.edu,148353
855,Lauryn,Yegorovnin,lyegorovninnq@census.gov,886423
856,Harold,Treven,htrevennr@soundcloud.com,387363
857,Erna,Ondrak,eondrakns@guardian.co.uk,626023
858,Randi,Jamison,rjamisonnt@ifeng.com,585629
859,Rosemarie,Kermott,rkermottnu@mapy.cz,939650
860,Doralyn,Nigh,dnighnv@mtv.com,106219
861,Adi,Scotchbourouge,ascotchbourougenw@godaddy.com,705651
862,Wendell,Danbi,wdanbinx@bbb.org,581250
863,Uriel,Aldwick,ualdwickny@blogspot.com,205035
864,Talia,Quye,tquyenz@furl.net,424122
865,Valentin,Kirsche,vkirscheo0@wsj.com,536150
866,Redd,Greguol,rgreguolo1@macromedia.com,601397
867,Salvador,Cuberley,scuberleyo2@issuu.com,517940
868,Kamillah,Collingwood,kcollingwoodo3@etsy.com,561482
869,Saxe,Comiam,scomiamo4@homestead.com,256686
870,Drugi,Tonkes,dtonkeso5@columbia.edu,362671
871,Emmaline,Colkett,ecolketto6@bloomberg.com,744626
872,Ernest,Worgan,eworgano7@who.int,302475
873,Hi,Wooton,hwootono8@hibu.com,563405
874,Kattie,Oke,kokeo9@shareasale.com,482977
875,Marven,Espinosa,mespinosaoa@icq.com,535806
876,Oralia,Flippini,oflippiniob@google.pl,175168
877,Jesselyn,Matignon,jmatignonoc@upenn.edu,477626
878,Catrina,Durward,cdurwardod@ask.com,943593
879,Norrie,Stone Fewings,nstonefewingsoe@pcworld.com,144260
880,Papageno,Hatley,phatleyof@engadget.com,633006
881,Matthaeus,Norway,mnorwayog@seesaa.net,118714
882,Remington,Camacke,rcamackeoh@mozilla.com,702584
883,Abramo,Oseman,aosemanoi@privacy.gov.au,577244
884,Gale,Osmant,gosmantoj@tuttocitta.it,880577
885,Delmor,Spurriar,dspurriarok@diigo.com,854005
886,Courtenay,Stronack,cstronackol@mysql.com,158902
887,Herold,Fulger,hfulgerom@tripadvisor.com,276304
888,Benny,Grundwater,bgrundwateron@moonfruit.com,268407
889,Happy,Kitching,hkitchingoo@infoseek.co.jp,109616
890,Nyssa,Sidebotton,nsidebottonop@stumbleupon.com,534577
891,Ginnifer,Lemm,glemmoq@deviantart.com,787996
892,Lorette,Fontel,lfontelor@histats.com,992361
893,Tony,Lineham,tlinehamos@dyndns.org,206712
894,Valenka,Kirsop,vkirsopot@biglobe.ne.jp,887488
895,Cam,Alexandrou,calexandrouou@xrea.com,536272
896,Barnie,Kivlehan,bkivlehanov@cnet.com,494009
897,Vale,Weeden,vweedenow@mapy.cz,246530
898,Winona,Shildrick,wshildrickox@friendfeed.com,668852
899,Aggi,Snipe,asnipeoy@cafepress.com,853871
900,Emilie,Bezzant,ebezzantoz@prnewswire.com,446864
901,Ilsa,Vedenyapin,ivedenyapinp0@123-reg.co.uk,868071
902,Dyan,Shann,dshannp1@tinypic.com,163993
903,Lucho,Cutbirth,lcutbirthp2@senate.gov,110974
904,Dinnie,Devlin,ddevlinp3@stumbleupon.com,539035
905,Lucais,Royl,lroylp4@paypal.com,207398
906,Gael,Hellin,ghellinp5@gmpg.org,327283
907,Marianna,Seden,msedenp6@example.com,810379
908,Elwyn,Ferrarotti,eferrarottip7@flavors.me,858600
909,Evy,Abramovic,eabramovicp8@quantcast.com,919558
910,Austen,McGaw,amcgawp9@pcworld.com,292138
911,Margarete,Scotchmoor,mscotchmoorpa@psu.edu,114915
912,Kath,Woollcott,kwoollcottpb@amazon.co.uk,935327
913,Flinn,Senter,fsenterpc@skype.com,594727
914,Ginger,Sprason,gsprasonpd@berkeley.edu,996614
915,Dave,Blagden,dblagdenpe@hc360.com,108174
916,Sandie,Hovell,shovellpf@sphinn.com,578668
917,Shanta,Karlsen,skarlsenpg@digg.com,713640
918,Mei,Ricards,mricardsph@nifty.com,152179
919,Dav,Ree,dreepi@chronoengine.com,477461
920,Lonny,Andreaccio,landreacciopj@alexa.com,682195
921,Durant,Butchard,dbutchardpk@amazonaws.com,624844
922,Urbain,Dik,udikpl@furl.net,962356
923,Xena,Enrietto,xenriettopm@army.mil,225692
924,Norbert,Hallede,nhalledepn@shutterfly.com,955453
925,Roderigo,Prichet,rprichetpo@bluehost.com,232863
926,Benny,Lorenc,blorencpp@furl.net,666183
927,Selby,Roughsedge,sroughsedgepq@qq.com,707851
928,Tandy,Maybury,tmayburypr@umn.edu,570066
929,Odetta,Lantoph,olantophps@canalblog.com,709967
930,Harriett,Blackshaw,hblackshawpt@printfriendly.com,784532
931,Mandy,O'Crevy,mocrevypu@eventbrite.com,340486
932,Sharla,Derwin,sderwinpv@washington.edu,596492
933,Kile,Weinberg,kweinbergpw@howstuffworks.com,783211
934,Valma,Brahmer,vbrahmerpx@netlog.com,804282
935,Billie,Mandifield,bmandifieldpy@wired.com,500146
936,Ignacio,Abels,iabelspz@usa.gov,537928
937,Edyth,Springate,espringateq0@time.com,439304
938,Hadley,Ledbury,hledburyq1@netscape.com,778069
939,Benji,Bowart,bbowartq2@amazon.de,331108
940,Annabal,Caudwell,acaudwellq3@freewebs.com,748703
941,Rollie,Hassewell,rhassewellq4@salon.com,469527
942,Lara,Cammomile,lcammomileq5@timesonline.co.uk,462620
943,Talbert,MacFadyen,tmacfadyenq6@europa.eu,742988
944,Gale,Rounds,groundsq7@vk.com,729430
945,Collete,Halliwell,challiwellq8@about.me,701080
946,Fifi,Coonan,fcoonanq9@illinois.edu,635809
947,Adelice,Wythill,awythillqa@sbwire.com,838414
948,Elana,Sidebotton,esidebottonqb@reddit.com,860665
949,Natka,Humpatch,nhumpatchqc@shutterfly.com,129169
950,Boone,Barbisch,bbarbischqd@skype.com,174217
951,Doralynn,Nanetti,dnanettiqe@house.gov,731886
952,Tabitha,Kitchin,tkitchinqf@networksolutions.com,517325
953,Delmar,Woolger,dwoolgerqg@yahoo.com,981185
954,Baird,Burdas,bburdasqh@marriott.com,655727
955,Heddi,Hardbattle,hhardbattleqi@opensource.org,98323
956,Terri,Siggin,tsigginqj@vistaprint.com,458667
957,Nealon,Wigin,nwiginqk@vk.com,391702
958,Herold,Lorimer,hlorimerql@abc.net.au,866147
959,Angy,Tingly,atinglyqm@google.com.hk,403271
960,Ban,Huckfield,bhuckfieldqn@mediafire.com,86658
961,Philipa,Coils,pcoilsqo@wikipedia.org,202983
962,Theressa,Wickett,twickettqp@bbb.org,525937
963,Leila,Chirm,lchirmqq@chicagotribune.com,635127
964,Patsy,Paulig,ppauligqr@flickr.com,136079
965,Chadwick,Povey,cpoveyqs@chronoengine.com,551729
966,Lorie,Eisak,leisakqt@pbs.org,686918
967,Granny,Coda,gcodaqu@google.ca,688027
968,Jillie,Dyter,jdyterqv@narod.ru,742150
969,Chuck,Bilbrey,cbilbreyqw@utexas.edu,555794
970,Alford,Husbands,ahusbandsqx@latimes.com,314116
971,Eimile,Blaxter,eblaxterqy@weibo.com,793662
972,Rickie,Senner,rsennerqz@hc360.com,848429
973,Jecho,Frankom,jfrankomr0@answers.com,825370
974,Tove,Giacomazzo,tgiacomazzor1@elegantthemes.com,892624
975,Gianina,Peaker,gpeakerr2@independent.co.uk,166974
976,Margaret,Manueli,mmanuelir3@go.com,836775
977,Adah,Glazier,aglazierr4@privacy.gov.au,883197
978,Dale,Limprecht,dlimprechtr5@cocolog-nifty.com,597407
979,Joanne,Haberjam,jhaberjamr6@printfriendly.com,838155
980,Claire,Humble,chumbler7@umn.edu,335777
981,Karon,Allcoat,kallcoatr8@umn.edu,702943
982,Silvana,Kennaway,skennawayr9@wikimedia.org,754464
983,Josey,Houlton,jhoultonra@xrea.com,617492
984,Carma,Caccavale,ccaccavalerb@jiathis.com,397531
985,Phaedra,Elwill,pelwillrc@shutterfly.com,997821
986,Anastasia,Gregon,agregonrd@spiegel.de,201885
987,Jeth,Cudbird,jcudbirdre@theguardian.com,336172
988,Dominica,Mourge,dmourgerf@reverbnation.com,595939
989,Sigvard,Dalyiel,sdalyielrg@sogou.com,363655
990,Jamey,Van der Kruys,jvanderkruysrh@google.ru,384446
991,Jarrett,Diviny,jdivinyri@newsvine.com,438219
992,Verina,Carlisle,vcarlislerj@harvard.edu,506080
993,Judye,Boshier,jboshierrk@sourceforge.net,497650
994,Melita,Fendlen,mfendlenrl@cnet.com,231197
995,Solomon,Angrick,sangrickrm@vk.com,261961
996,Francisca,Awmack,fawmackrn@yellowpages.com,318597
997,Waylon,Croisdall,wcroisdallro@hao123.com,327253
998,Lorin,Seabrocke,lseabrockerp@ibm.com,629286
999,Jandy,Younghusband,jyounghusbandrq@umn.edu,736378
1000,Alasdair,Eady,aeadyrr@altervista.org,80997
