fulltime,FirstName,LastName,birthday,salary,address,email,yearsAtBank,foodBank_ID
false,Thelma,Marcome,8/3/2023,93784,96716 Hermina Pass,tmarcome0@vimeo.com,7,389
false,Kalvin,Larchiere,2/12/2024,50327,65 Carberry Plaza,klarchiere1@virginia.edu,10,818
false,Chalmers,Harcourt,7/24/2023,3469,43345 Straubel Avenue,charcourt2@wordpress.org,9,775
true,Duane,Brandon,8/22/2023,44711,4 Gateway Terrace,dbrandon3@nba.com,21,514
false,Clair,Pocknoll,10/11/2023,81092,28163 Luster Alley,cpocknoll4@cisco.com,32,491
false,Timothee,Ferrini,11/7/2023,99783,0 Hazelcrest Avenue,tferrini5@rediff.com,29,374
false,Shawna,Marrison,3/20/2024,71433,5 Lindbergh Terrace,smarrison6@elegantthemes.com,7,949
true,Isa,McGuigan,10/1/2023,80618,44691 Fisk Circle,imcguigan7@comcast.net,20,223
false,Mattie,Antonellini,1/15/2024,88293,084 Granby Plaza,mantonellini8@ca.gov,16,518
true,Noreen,Bruneton,5/16/2023,23676,52 Lukken Plaza,nbruneton9@geocities.com,9,535
true,Yolane,Ribou,7/30/2023,53402,99 Green Trail,yriboua@webeden.co.uk,35,436
false,Maddie,Danbury,2/16/2024,52601,03 Mccormick Lane,mdanburyb@independent.co.uk,3,525
false,Cy,Kays,4/16/2023,97111,1980 Reinke Junction,ckaysc@home.pl,24,641
true,Maurise,Beldon,2/5/2024,98829,177 Bartillon Court,mbeldond@ow.ly,32,479
true,Zacherie,Martin,7/30/2023,51436,7783 Fallview Alley,zmartine@sohu.com,10,566
false,Crin,Tendahl,6/14/2023,51137,14 Northridge Plaza,ctendahlf@slate.com,8,336
false,Katine,Oglesbee,8/28/2023,31837,6 Veith Plaza,koglesbeeg@joomla.org,5,103
false,Morgan,Janauschek,11/29/2023,64920,95826 Scoville Parkway,mjanauschekh@seesaa.net,3,402
false,Shanda,Hastler,3/5/2024,76262,8464 Marquette Circle,shastleri@creativecommons.org,23,168
true,Lorette,Nucci,3/1/2024,38626,1 Ridgeview Center,lnuccij@ucoz.ru,4,408
true,Toinette,Shakesbye,5/6/2023,5123,2 Darwin Avenue,tshakesbyek@cnbc.com,35,470
true,Dyna,Grissett,12/14/2023,52845,603 Macpherson Pass,dgrissettl@wix.com,29,52
true,Penny,Haville,2/15/2024,94601,3 Kenwood Circle,phavillem@economist.com,7,647
false,Jaquelyn,Warrener,7/19/2023,81477,821 Spenser Pass,jwarrenern@nba.com,21,810
true,Freeman,Umpleby,9/1/2023,1691,1364 Fordem Street,fumplebyo@plala.or.jp,25,332
false,Penny,Hubbis,4/24/2023,29225,96 Russell Terrace,phubbisp@hp.com,9,942
false,Jaime,Hansman,12/5/2023,2904,055 Straubel Crossing,jhansmanq@kickstarter.com,37,372
false,Hallie,Glamart,10/14/2023,61518,69 Morning Court,hglamartr@spiegel.de,22,148
false,Cash,Weaben,3/14/2024,10807,6 Dawn Drive,cweabens@noaa.gov,18,434
true,Kariotta,Kurten,8/21/2023,73460,4127 Sutteridge Drive,kkurtent@opensource.org,11,862
true,Kristyn,Giuroni,1/24/2024,95134,07307 Emmet Avenue,kgiuroniu@ask.com,20,821
true,Gail,Gude,1/8/2024,41656,39 Welch Way,ggudev@mapy.cz,18,19
false,Kelley,De Pero,10/2/2023,21344,83883 Bayside Junction,kdeperow@cnbc.com,11,148
false,Benton,Widdowson,11/5/2023,84049,9352 Elka Plaza,bwiddowsonx@desdev.cn,33,611
true,Kile,Reichardt,8/7/2023,25159,9758 American Junction,kreichardty@list-manage.com,39,75
false,Hanan,Prosh,8/14/2023,14574,601 Pepper Wood Plaza,hproshz@wunderground.com,9,769
true,Jolie,Mathias,8/30/2023,56164,33 Lake View Road,jmathias10@jiathis.com,7,171
false,Clarice,Iwaszkiewicz,1/9/2024,25658,36909 Brickson Park Alley,ciwaszkiewicz11@cisco.com,12,28
true,Ximenes,Craven,8/28/2023,2047,20362 Lighthouse Bay Pass,xcraven12@wp.com,34,975
false,Maud,Squibe,6/5/2023,20304,566 Chinook Crossing,msquibe13@deliciousdays.com,34,327
false,Oralla,Jorgesen,11/27/2023,33759,2 Golf Alley,ojorgesen14@constantcontact.com,30,199
false,Jacob,Paulillo,7/12/2023,22323,97427 Mockingbird Center,jpaulillo15@flavors.me,26,295
false,Bren,Laughnan,3/17/2024,23379,91 Loftsgordon Road,blaughnan16@alibaba.com,32,760
false,Dawna,Plummer,1/30/2024,41849,973 Crowley Hill,dplummer17@com.com,22,720
true,Nertie,Maynell,12/23/2023,78230,4 Manitowish Pass,nmaynell18@cnet.com,29,415
false,Tobe,Perigeaux,1/15/2024,72268,179 Farragut Lane,tperigeaux19@posterous.com,14,917
false,Leonidas,Stiff,10/25/2023,60045,0754 Mayer Lane,lstiff1a@fastcompany.com,4,551
false,Roderich,Duplan,9/13/2023,82176,257 Fairview Drive,rduplan1b@utexas.edu,20,358
false,Tabitha,Cheal,6/23/2023,74611,62043 Mosinee Hill,tcheal1c@desdev.cn,33,114
false,Hilliard,Pink,12/30/2023,34405,1549 Farwell Terrace,hpink1d@uol.com.br,5,782
true,Caron,Berrygun,11/29/2023,81285,38836 Clemons Junction,cberrygun1e@mac.com,6,282
true,Roddie,Droogan,10/26/2023,45245,66970 Ohio Crossing,rdroogan1f@nationalgeographic.com,14,436
false,Carolin,Ferschke,12/7/2023,75542,1 Evergreen Crossing,cferschke1g@cbslocal.com,34,893
false,Quinlan,Lethbury,4/18/2023,91901,55917 Ilene Crossing,qlethbury1h@archive.org,8,914
false,Megan,Hinks,10/29/2023,18243,852 Redwing Point,mhinks1i@elegantthemes.com,19,117
false,Goddart,Jedrzej,9/7/2023,22300,6 Steensland Road,gjedrzej1j@ucsd.edu,32,462
false,Flinn,McNirlin,2/28/2024,83379,00302 Golf Center,fmcnirlin1k@washington.edu,40,289
true,Aveline,Gehring,9/7/2023,92771,9627 Fairfield Lane,agehring1l@phpbb.com,10,579
true,Riane,Bradbeer,3/5/2024,57529,3 Iowa Drive,rbradbeer1m@mit.edu,38,234
false,Robb,McQueen,12/27/2023,75932,8 Upham Avenue,rmcqueen1n@wikispaces.com,40,605
true,Molly,Beech,11/8/2023,14773,26 Morning Place,mbeech1o@census.gov,13,146
true,Helenelizabeth,Baildon,4/3/2024,68425,35 Bay Street,hbaildon1p@vkontakte.ru,9,502
false,Frasco,Brettelle,1/16/2024,36274,14 Green Trail,fbrettelle1q@examiner.com,15,209
true,Shamus,Braine,12/19/2023,99172,78 Crescent Oaks Plaza,sbraine1r@wp.com,40,281
false,Robena,Dunford,1/25/2024,31000,85 Chinook Street,rdunford1s@blog.com,22,331
false,Myriam,Scutchin,12/25/2023,4133,0656 Division Drive,mscutchin1t@jimdo.com,32,766
false,Wenda,Peyro,6/17/2023,90237,014 Victoria Court,wpeyro1u@zdnet.com,30,34
false,Gipsy,Chalder,11/11/2023,62922,30827 Lillian Center,gchalder1v@friendfeed.com,1,103
true,Weider,Goudie,7/14/2023,84879,5020 Bultman Road,wgoudie1w@ustream.tv,16,717
true,Bartie,Sextie,10/10/2023,58766,1331 Johnson Way,bsextie1x@godaddy.com,5,576
true,Doreen,Eberlein,7/28/2023,31463,14 Kennedy Place,deberlein1y@51.la,15,897
true,Vachel,Le Gassick,1/20/2024,57805,2 Twin Pines Road,vlegassick1z@mac.com,28,248
false,Donnamarie,Cooney,3/10/2024,98867,80959 Spaight Pass,dcooney20@51.la,28,504
true,Edwin,Orth,9/29/2023,29104,67233 Mendota Drive,eorth21@cnn.com,6,970
true,Koralle,Seggie,9/20/2023,88055,74 Mariners Cove Drive,kseggie22@senate.gov,8,619
false,Frants,Argile,10/7/2023,18358,027 Weeping Birch Terrace,fargile23@smh.com.au,35,120
false,Leilah,Stood,3/12/2024,11894,4 Marquette Center,lstood24@sciencedaily.com,28,451
false,Min,Calliss,11/30/2023,3945,4494 Oak Valley Crossing,mcalliss25@google.ru,23,576
false,Tera,Haverson,4/2/2024,81711,078 Macpherson Pass,thaverson26@ucoz.com,32,989
false,Giorgia,Riche,5/10/2023,48515,954 Fremont Trail,griche27@networkadvertising.org,14,492
false,Chrissy,Chesshire,9/11/2023,6114,42 Towne Junction,cchesshire28@spiegel.de,31,391
true,Amie,Ludwikiewicz,2/11/2024,89518,216 Melvin Park,aludwikiewicz29@pcworld.com,22,32
false,Joby,Curcher,8/26/2023,67977,7074 Caliangt Plaza,jcurcher2a@examiner.com,20,994
true,Dillie,Petr,1/24/2024,36088,985 Golf Course Crossing,dpetr2b@home.pl,38,607
false,Humfried,Oherlihy,10/25/2023,7995,18 Dottie Avenue,hoherlihy2c@devhub.com,2,502
false,Osmund,Vasic,6/29/2023,78951,758 Becker Hill,ovasic2d@example.com,28,517
false,Junina,Wormstone,1/17/2024,82136,3103 Moose Road,jwormstone2e@tmall.com,19,72
false,Arne,Dict,6/24/2023,95052,09 Arizona Trail,adict2f@weather.com,33,602
true,Glynda,Rupp,8/28/2023,88947,70 Colorado Way,grupp2g@blogspot.com,18,78
false,Cort,Cubbin,10/27/2023,36811,3607 International Park,ccubbin2h@instagram.com,35,940
true,Gabriele,Folds,6/2/2023,8580,64122 Morningstar Park,gfolds2i@wordpress.org,25,733
true,Damien,Di Carli,3/8/2024,73040,602 Rockefeller Center,ddicarli2j@marriott.com,26,161
true,Dela,Itzcak,6/22/2023,68380,92387 Chinook Court,ditzcak2k@sfgate.com,19,242
false,Vittoria,Tallyn,9/28/2023,51067,705 Hanson Avenue,vtallyn2l@yandex.ru,13,937
true,Laurent,Caldero,11/23/2023,60174,5256 Fallview Park,lcaldero2m@shutterfly.com,14,343
true,Maximilianus,Dankersley,6/16/2023,543,39618 Autumn Leaf Avenue,mdankersley2n@census.gov,9,595
false,Tabitha,Vials,12/24/2023,25187,4572 Redwing Lane,tvials2o@altervista.org,34,161
false,Harli,Klamp,3/3/2024,7641,73 Haas Avenue,hklamp2p@github.io,38,958
true,Lyndsay,Hanrahan,11/27/2023,35625,3330 Center Street,lhanrahan2q@dedecms.com,14,586
false,Elene,Kempshall,8/30/2023,89004,844 Roth Way,ekempshall2r@qq.com,31,365
false,Tomasine,Sakins,10/3/2023,49255,4 Anzinger Way,tsakins2s@homestead.com,32,307
false,Emily,Meysham,2/27/2024,71982,8 Straubel Pass,emeysham2t@chronoengine.com,2,474
false,Peri,Jaine,10/4/2023,60701,5 High Crossing Drive,pjaine2u@sogou.com,1,661
false,Gretel,Brolly,2/5/2024,8509,213 Sommers Street,gbrolly2v@instagram.com,40,228
false,Monroe,Barenskie,7/14/2023,83132,498 Paget Plaza,mbarenskie2w@lulu.com,38,585
true,Tallulah,Gabites,2/14/2024,20481,42671 Lakewood Way,tgabites2x@google.de,21,802
true,Bentley,Dignum,6/19/2023,94184,2972 Dayton Park,bdignum2y@usnews.com,5,37
false,Carmine,Bruck,7/16/2023,13013,21201 Autumn Leaf Junction,cbruck2z@indiegogo.com,35,933
true,Daile,Lissandri,8/18/2023,4683,3339 Emmet Circle,dlissandri30@jiathis.com,13,332
false,Roma,McArdle,3/17/2024,55043,521 Bonner Crossing,rmcardle31@usatoday.com,19,458
true,Esma,Ferreres,9/9/2023,53994,6239 Gerald Way,eferreres32@nasa.gov,21,200
true,Clo,Greenwell,8/9/2023,38150,8 Hudson Lane,cgreenwell33@japanpost.jp,2,43
false,Constancy,Bradfield,7/2/2023,87207,165 Holmberg Drive,cbradfield34@sogou.com,1,868
false,Annabella,Kondratenko,10/20/2023,40808,65 Melby Way,akondratenko35@cornell.edu,19,822
true,Hazlett,Hughland,5/15/2023,93363,62838 Emmet Lane,hhughland36@unesco.org,7,642
true,Jacques,Berkowitz,5/25/2023,3316,926 Lotheville Crossing,jberkowitz37@typepad.com,5,873
true,Charlena,Finders,3/17/2024,61779,4296 Schurz Avenue,cfinders38@bbc.co.uk,5,524
true,Edy,Girardini,12/17/2023,21451,95 Eagle Crest Terrace,egirardini39@tiny.cc,28,790
false,Jacky,Butters,3/8/2024,65182,813 Lakewood Parkway,jbutters3a@ibm.com,35,257
true,Ryan,Harmour,12/5/2023,18522,53883 High Crossing Terrace,rharmour3b@craigslist.org,11,432
false,Clemmie,Arkwright,6/21/2023,83569,09855 Chive Court,carkwright3c@wordpress.org,34,170
false,Kristy,Ballchin,5/23/2023,49485,039 Forster Point,kballchin3d@booking.com,20,405
true,Jacquenette,Collyns,9/22/2023,12796,4 Burning Wood Center,jcollyns3e@kickstarter.com,8,931
true,Mellie,Ivanchov,7/14/2023,13760,40 Golf Course Point,mivanchov3f@dot.gov,16,680
false,Mufi,Deare,2/16/2024,40131,13 Sycamore Street,mdeare3g@shareasale.com,26,378
true,Hermon,Marcroft,6/16/2023,92180,9285 Vera Point,hmarcroft3h@theglobeandmail.com,16,955
true,Umberto,McParlin,12/6/2023,60954,18915 Hoard Drive,umcparlin3i@posterous.com,8,778
true,Maible,Catlette,4/15/2023,38398,87 Redwing Junction,mcatlette3j@wiley.com,19,823
true,Amitie,Ruslinge,6/15/2023,61321,78 Dayton Crossing,aruslinge3k@springer.com,32,439
true,Fulvia,Ryley,9/8/2023,18910,1774 8th Circle,fryley3l@abc.net.au,20,524
true,Marcellus,MacCathay,6/27/2023,22460,35474 Eastlawn Trail,mmaccathay3m@nih.gov,37,497
true,Pacorro,Conklin,5/25/2023,1587,915 Bartelt Avenue,pconklin3n@mapquest.com,13,176
true,Sigismundo,Jacobowitz,7/25/2023,99183,409 Chive Crossing,sjacobowitz3o@scientificamerican.com,35,680
false,Corey,Jedrysik,4/5/2024,53218,3557 Cambridge Way,cjedrysik3p@amazon.com,20,798
false,Wendye,Balducci,5/13/2023,91712,86154 Warner Avenue,wbalducci3q@hatena.ne.jp,17,925
true,Briana,Johansen,2/10/2024,85383,5582 Cambridge Point,bjohansen3r@fastcompany.com,19,761
false,Gerald,Novic,12/28/2023,35467,13 Killdeer Plaza,gnovic3s@hud.gov,3,751
true,Aura,Greber,9/13/2023,42226,7988 Hovde Junction,agreber3t@disqus.com,28,388
true,Blithe,Greenhead,8/4/2023,76338,76 Toban Plaza,bgreenhead3u@arstechnica.com,13,969
false,Fifi,Goburn,4/28/2023,68547,24 Pleasure Parkway,fgoburn3v@whitehouse.gov,35,109
false,Orland,Larmet,8/14/2023,51828,47 Barby Street,olarmet3w@vistaprint.com,2,418
true,Aguie,Landsborough,2/17/2024,66409,5 Iowa Drive,alandsborough3x@bluehost.com,35,594
false,Arri,Doylend,10/2/2023,68934,2 Haas Park,adoylend3y@dagondesign.com,25,377
false,Chrisy,Harvard,9/5/2023,62981,66 Green Ridge Pass,charvard3z@businessweek.com,9,654
false,Cissiee,Brandon,9/9/2023,72467,551 Sundown Park,cbrandon40@ucsd.edu,5,337
false,Persis,Dilston,7/17/2023,39343,524 Scoville Point,pdilston41@ameblo.jp,40,590
false,Sibley,Mathon,1/28/2024,73856,9596 Blackbird Lane,smathon42@yandex.ru,24,838
false,Rich,Yukhnev,10/31/2023,90960,13806 Nevada Alley,ryukhnev43@nbcnews.com,3,770
false,Jeri,Harrow,10/17/2023,11653,5 Kedzie Drive,jharrow44@disqus.com,27,546
true,Alexander,Skase,6/7/2023,12984,85779 Utah Plaza,askase45@unblog.fr,12,144
true,Christophorus,Roy,5/3/2023,46962,05625 Fallview Pass,croy46@samsung.com,18,983
true,Edouard,Tapley,10/13/2023,60523,11 Hoard Junction,etapley47@sourceforge.net,26,412
false,Florie,Loadman,6/9/2023,35132,963 Mayer Junction,floadman48@canalblog.com,40,499
true,Renado,MacCague,5/8/2023,16498,87 Mallard Lane,rmaccague49@yale.edu,6,811
true,Lee,Vautrey,12/2/2023,15896,9082 Bluestem Park,lvautrey4a@live.com,4,548
true,Tim,Elvey,2/6/2024,37116,7 Kedzie Center,telvey4b@nature.com,18,349
false,Cameron,Droogan,10/18/2023,62836,516 Stoughton Park,cdroogan4c@arstechnica.com,18,589
true,Joseito,Crennan,10/3/2023,47019,553 Kennedy Drive,jcrennan4d@howstuffworks.com,24,705
true,Whitney,Icom,10/7/2023,63312,1 Di Loreto Road,wicom4e@nih.gov,14,377
true,Leonie,Grutchfield,5/9/2023,63920,02803 Debs Alley,lgrutchfield4f@tripadvisor.com,12,634
false,Keefer,Josland,9/18/2023,34568,88 Colorado Point,kjosland4g@statcounter.com,12,309
true,Pip,Beswetherick,4/3/2024,93893,97 Manufacturers Road,pbeswetherick4h@indiatimes.com,9,131
false,Archambault,Ince,2/5/2024,89837,379 Longview Plaza,aince4i@google.it,35,985
false,Suzanna,Jellard,2/16/2024,33298,19874 Forster Street,sjellard4j@youtu.be,9,437
true,Tannie,Niccolls,1/30/2024,49347,2 Meadow Ridge Plaza,tniccolls4k@studiopress.com,6,533
true,John,Chapelle,4/28/2023,51522,1452 Dwight Crossing,jchapelle4l@tinypic.com,27,912
false,Candide,Longstreet,8/25/2023,39807,09 Kinsman Place,clongstreet4m@ameblo.jp,27,805
true,Cymbre,Gilmore,2/1/2024,47287,56799 Red Cloud Point,cgilmore4n@booking.com,10,790
false,Leona,McBeith,3/30/2024,31921,8 Center Plaza,lmcbeith4o@reverbnation.com,13,474
false,Rurik,Ruit,3/6/2024,69160,8 Cordelia Place,rruit4p@list-manage.com,1,900
true,Shelley,Giovannacc@i,4/17/2023,5583,4 Dakota Circle,sgiovannacci4q@1und1.de,8,880
false,Irena,Spire,12/16/2023,67321,08 Dixon Court,ispire4r@independent.co.uk,18,227
true,Chester,Winchcombe,12/24/2023,16464,7543 Briar Crest Center,cwinchcombe4s@amazon.co.jp,10,671
false,Lorenza,Pashley,7/25/2023,26449,0 Linden Terrace,lpashley4t@hatena.ne.jp,35,164
true,Hagan,Salling,11/24/2023,84180,53912 Northfield Pass,hsalling4u@npr.org,5,209
false,Alma,Elmes,12/29/2023,14701,3261 Moose Alley,aelmes4v@japanpost.jp,5,719
true,Mella,Gillogley,6/26/2023,98470,3195 Northfield Street,mgillogley4w@yellowpages.com,16,830
true,Emmie,Crabb,3/2/2024,3517,92 Forest Way,ecrabb4x@canalblog.com,15,209
false,Clementina,Teasey,4/12/2023,37690,96 Parkside Street,cteasey4y@walmart.com,8,685
false,Car,Cluer,1/20/2024,2439,9636 Fairfield Alley,ccluer4z@scribd.com,22,174
false,Allister,Buterton,8/3/2023,98304,9 Farragut Trail,abuterton50@umich.edu,24,717
true,Abby,Tremolieres,8/3/2023,17965,64 Luster Parkway,atremolieres51@wordpress.org,28,595
false,Paquito,Elleyne,4/27/2023,78937,5236 Maryland Way,pelleyne52@posterous.com,8,449
false,Yule,Sherrell,5/1/2023,3346,14950 John Wall Drive,ysherrell53@acquirethisname.com,27,997
false,Hieronymus,Foyster,7/24/2023,57140,268 Oak Hill,hfoyster54@php.net,23,448
false,Annetta,Fiennes,12/9/2023,93081,71 Donald Trail,afiennes55@bloglovin.com,39,857
true,Melly,Tuckwell,8/31/2023,35055,25883 Pond Park,mtuckwell56@java.com,18,302
true,Briney,Sangster,12/7/2023,7393,04 Waywood Crossing,bsangster57@edublogs.org,30,468
true,Stace,Hollier,2/16/2024,32922,88296 Mayer Circle,shollier58@reuters.com,39,225
false,Yancy,Rookes,7/5/2023,44040,9 Hoepker Drive,yrookes59@eepurl.com,4,785
true,Kalli,Le Noir,8/1/2023,29851,6 Graceland Place,klenoir5a@ameblo.jp,26,96
true,Alix,Lorrimer,2/9/2024,37458,72648 Homewood Crossing,alorrimer5b@storify.com,27,135
true,Corenda,Seagrove,7/11/2023,22223,633 Mesta Park,cseagrove5c@biblegateway.com,12,502
false,Cosette,Clemenceau,5/17/2023,37946,358 New Castle Circle,cclemenceau5d@tinyurl.com,34,570
true,Yasmin,Antrim,1/26/2024,5100,1894 Superior Park,yantrim5e@europa.eu,14,317
false,Nilson,Agastina,7/20/2023,46668,864 Sutteridge Center,nagastina5f@umn.edu,17,308
true,Veronika,Keyhoe,1/8/2024,789,1856 Kim Avenue,vkeyhoe5g@merriam-webster.com,8,716
false,Dee,Mcasparan,12/5/2023,56045,2056 Sunfield Point,dmcasparan5h@yahoo.co.jp,15,476
false,Pattie,Leirmonth,3/6/2024,21244,626 Hazelcrest Center,pleirmonth5i@tripod.com,28,629
false,Aridatha,Ahren,3/8/2024,23368,016 Blackbird Center,aahren5j@earthlink.net,15,556
true,Ches,Pinfold,11/18/2023,60486,13387 Westport Court,cpinfold5k@people.com.cn,19,510
false,Brandice,Witch,4/25/2023,66148,13 Bellgrove Drive,bwitch5l@narod.ru,18,706
true,Perry,Londors,9/1/2023,70746,51930 Cascade Point,plondors5m@apple.com,26,571
true,Billy,Coggen,3/25/2024,77049,6805 Esker Trail,bcoggen5n@indiatimes.com,1,118
true,Thalia,Saull,6/7/2023,26678,02 Haas Drive,tsaull5o@hc360.com,17,242
false,Hilliary,Wolseley,10/16/2023,27697,517 Sauthoff Way,hwolseley5p@yelp.com,9,86
true,Robbie,Woolacott,10/28/2023,58026,0386 Meadow Ridge Way,rwoolacott5q@networkadvertising.org,20,781
false,Othella,Maben,4/27/2023,16143,727 Lake View Center,omaben5r@comcast.net,13,371
false,Noreen,Manlow,7/16/2023,82742,823 Mariners Cove Lane,nmanlow5s@pcworld.com,4,106
false,Kelby,Varndell,9/13/2023,86971,2803 Bluestem Drive,kvarndell5t@spiegel.de,26,761
true,Giana,Cheves,3/9/2024,48988,216 Forest Dale Place,gcheves5u@businessweek.com,22,740
true,Catherina,Simmank,5/7/2023,40259,111 West Point,csimmank5v@about.com,36,373
false,Philipa,Cromarty,9/16/2023,41565,8542 Coleman Crossing,pcromarty5w@latimes.com,17,565
false,Michael,Belone,9/12/2023,38691,8173 Vahlen Terrace,mbelone5x@arstechnica.com,27,130
true,Heather,Sidebotton,4/27/2023,75928,99950 John Wall Trail,hsidebotton5y@sbwire.com,27,437
true,Happy,Wilmore,8/1/2023,383,2696 Stone Corner Hill,hwilmore5z@marketwatch.com,8,800
false,Ame,Henstone,7/14/2023,75190,5676 Colorado Center,ahenstone60@homestead.com,6,124
true,Kayla,Cleynman,8/6/2023,41214,10833 Bluestem Street,kcleynman61@vinaora.com,16,122
false,Sigismund,Whiscard,3/18/2024,70045,45976 Golf View Court,swhiscard62@ocn.ne.jp,20,814
true,Estella,Pepall,6/15/2023,71604,544 Nancy Court,epepall63@ehow.com,16,833
true,Kalvin,Proudlock,4/8/2023,52818,683 Larry Place,kproudlock64@salon.com,31,412
false,Starr,Standley,4/12/2023,50277,1 Hoepker Road,sstandley65@usda.gov,37,918
false,Jozef,Sneesby,10/11/2023,61805,3232 Hanson Hill,jsneesby66@stanford.edu,27,702
false,Ev,O'Lahy,3/31/2024,77642,7 Westridge Parkway,eolahy67@intel.com,23,199
true,Janina,Bayle,8/30/2023,18599,1725 Shopko Drive,jbayle68@marketwatch.com,39,954
false,Delmar,Ruppert,12/31/2023,41133,5804 Grover Point,druppert69@yale.edu,18,499
true,Holmes,Atton,3/21/2024,2543,70455 Sage Plaza,hatton6a@dailymotion.com,14,290
true,Ianthe,Clempton,6/11/2023,11867,2103 Hazelcrest Point,iclempton6b@rediff.com,28,424
false,Penny,Pinsent,7/2/2023,14398,72839 8th Crossing,ppinsent6c@parallels.com,36,132
false,Svend,Kiddey,2/24/2024,94252,17 Acker Alley,skiddey6d@weibo.com,25,372
true,Kessiah,Smale,5/10/2023,7110,777 Calypso Hill,ksmale6e@tuttocitta.it,1,970
true,Pennie,Tampin,11/30/2023,50723,570 Knutson Court,ptampin6f@devhub.com,20,119
true,Lotte,Oganesian,10/29/2023,32311,2111 Annamark Terrace,loganesian6g@blogs.com,31,582
true,Rayner,Well,9/22/2023,47745,2519 Ramsey Lane,rwell6h@bbc.co.uk,40,719
false,Fiorenze,Nobriga,1/25/2024,11224,5058 Mitchell Plaza,fnobriga6i@geocities.jp,39,471
true,Berthe,Adcock,5/18/2023,47867,149 Merchant Drive,badcock6j@chron.com,11,455
false,Shannon,Jemmett,2/29/2024,55687,82518 Charing Cross Place,sjemmett6k@eepurl.com,15,58
true,Sonnie,Sealove,6/4/2023,11100,0 Loeprich Avenue,ssealove6l@businessweek.com,23,767
false,Stefanie,Izakovitz,10/17/2023,57960,06 American Park,sizakovitz6m@amazonaws.com,19,706
true,Lotti,Kindread,4/29/2023,25609,420 Del Sol Park,lkindread6n@msu.edu,6,708
false,Judye,Esslement,5/16/2023,46849,8620 Esker Junction,jesslement6o@eepurl.com,20,354
false,Dennie,Foy,3/22/2024,54100,71 Moland Street,dfoy6p@jalbum.net,15,447
true,Virginia,Creevy,8/22/2023,81847,23 Pepper Wood Trail,vcreevy6q@seesaa.net,36,832
false,Freeland,Adderley,4/11/2023,47314,582 Hudson Center,fadderley6r@tumblr.com,39,202
false,Godfrey,Ludgate,10/9/2023,11737,64 Onsgard Junction,gludgate6s@ameblo.jp,7,976
false,Alick,Follin,5/18/2023,89787,63 Bowman Park,afollin6t@princeton.edu,37,836
true,Leilah,Gonnin,9/29/2023,48781,7782 Scott Point,lgonnin6u@com.com,3,890
true,Olive,Paolo,9/3/2023,31761,5 Farwell Circle,opaolo6v@de.vu,2,564
false,Aurel,Acton,5/25/2023,38353,584 Sheridan Terrace,aacton6w@answers.com,20,906
false,Ernesto,Elldred,8/1/2023,89011,69 Little Fleur Lane,eelldred6x@symantec.com,13,876
false,Wilfred,Woolager,10/17/2023,91511,10 Claremont Terrace,wwoolager6y@bing.com,32,66
true,Elbert,Japp,3/9/2024,550,76 Hayes Crossing,ejapp6z@youtube.com,23,570
false,Frazer,Snashall,9/22/2023,50318,6 Jackson Way,fsnashall70@tinypic.com,1,142
true,Garland,Geldeford,6/27/2023,25998,8676 David Hill,ggeldeford71@npr.org,6,524
true,Osgood,Dorton,12/24/2023,71797,5 Bowman Plaza,odorton72@livejournal.com,7,754
true,Tedman,Marcum,1/27/2024,43054,7 Havey Plaza,tmarcum73@usgs.gov,12,11
false,Clive,Langdon,11/29/2023,74877,34 Lunder Road,clangdon74@studiopress.com,31,77
true,Ailina,Lamplugh,9/21/2023,80548,3716 Mariners Cove Terrace,alamplugh75@who.int,12,777
true,Lina,Harman,4/12/2023,66338,2 Trailsway Place,lharman76@jimdo.com,35,273
false,Kerry,Espinet,8/20/2023,95301,4 Holy Cross Plaza,kespinet77@unblog.fr,12,683
false,Jaime,Dyble,2/29/2024,52525,6 Lindbergh Circle,jdyble78@free.fr,5,311
true,Aldous,Veasey,12/28/2023,99539,018 West Crossing,aveasey79@flavors.me,1,419
true,Addi,Safhill,6/15/2023,73636,9 Bay Drive,asafhill7a@twitpic.com,36,948
false,Birk,Grouse,12/5/2023,46654,1 Gina Street,bgrouse7b@altervista.org,26,959
false,Javier,Lawless,3/4/2024,22691,4352 East Road,jlawless7c@economist.com,4,723
true,Odele,Grouen,4/6/2024,48233,2 Towne Parkway,ogrouen7d@lycos.com,38,78
false,Vale,Gehrels,2/17/2024,82155,202 Westport Terrace,vgehrels7e@macromedia.com,10,152
false,Quentin,Purkess,4/1/2024,21258,2925 Springview Plaza,qpurkess7f@miitbeian.gov.cn,7,353
true,Shaylynn,Edgeson,11/25/2023,94389,508 Elmside Road,sedgeson7g@wunderground.com,28,898
true,Alvina,Doumenc,7/25/2023,23386,52 Glendale Park,adoumenc7h@cloudflare.com,1,875
false,Felipa,Teaser,8/29/2023,10161,4 Forster Drive,fteaser7i@vkontakte.ru,24,44
true,Tori,Neasam,8/25/2023,98103,6406 Milwaukee Park,tneasam7j@rakuten.co.jp,29,943
false,Marc,Ellins,1/25/2024,49967,22 Westport Avenue,mellins7k@columbia.edu,30,997
false,Broderic,Downgate,8/13/2023,29958,71601 Kensington Circle,bdowngate7l@cocolog-nifty.com,16,771
false,Dacy,Whyborne,2/7/2024,65162,026 Badeau Parkway,dwhyborne7m@samsung.com,22,136
false,Jedidiah,Blackshaw,10/25/2023,14994,0 Northland Pass,jblackshaw7n@baidu.com,21,435
false,Merry,Rosenbush,10/15/2023,42878,74517 Rusk Crossing,mrosenbush7o@wsj.com,13,300
false,Roger,McKeachie,3/27/2024,70113,759 American Ash Terrace,rmckeachie7p@devhub.com,22,10
false,Athene,Robillard,6/9/2023,96278,61 Michigan Park,arobillard7q@cafepress.com,6,816
true,Jarrett,Astell,8/6/2023,74274,8340 Riverside Lane,jastell7r@edublogs.org,20,761
false,Ambur,Mockett,6/8/2023,50899,96 Little Fleur Place,amockett7s@mail.ru,2,234
false,Alix,Stockey,9/28/2023,33638,276 Scoville Street,astockey7t@wikispaces.com,13,860
false,Catina,Karlowicz,9/11/2023,14887,196 Esch Center,ckarlowicz7u@theguardian.com,10,935
false,Ronda,Yatman,10/25/2023,8168,4962 Meadow Valley Circle,ryatman7v@businessinsider.com,39,441
true,Cass,Setch,10/15/2023,58212,03435 Summerview Junction,csetch7w@pen.io,17,98
true,Gideon,Paffitt,1/28/2024,35478,6 Dexter Drive,gpaffitt7x@ameblo.jp,26,948
false,Roddy,Gostall,11/15/2023,25976,9 Oneill Street,rgostall7y@discovery.com,35,37
true,Ardenia,Huerta,4/12/2023,55217,6697 Sundown Hill,ahuerta7z@yelp.com,9,100
true,Elsbeth,Schops,8/2/2023,32551,90448 Cottonwood Park,eschops80@msu.edu,20,423
false,Stephani,Sworder,2/28/2024,67707,536 Badeau Point,ssworder81@prweb.com,5,784
false,Rois,Mertgen,12/28/2023,46540,7143 Namekagon Circle,rmertgen82@amazon.de,31,689
false,Conant,Vel,6/15/2023,62128,672 Lunder Lane,cvel83@ocn.ne.jp,9,900
false,Vivyanne,Shaddock,1/6/2024,20012,061 Mcbride Trail,vshaddock84@php.net,27,375
false,Burl,Gilliver,12/1/2023,63198,5910 Fordem Point,bgilliver85@tinypic.com,22,156
true,Kristian,Coop,10/14/2023,80268,18922 Bellgrove Terrace,kcoop86@1und1.de,34,662
false,Rhiamon,Mallabund,9/22/2023,72585,6 Crescent Oaks Street,rmallabund87@163.com,19,250
true,Franklin,Primett,1/11/2024,97128,3869 Thierer Terrace,fprimett88@fastcompany.com,18,862
false,Oran,Kayser,10/11/2023,95679,6180 Hollow Ridge Trail,okayser89@independent.co.uk,17,323
true,Carmelle,Dalston,1/18/2024,69974,52 Arapahoe Way,cdalston8a@xinhuanet.com,8,207
false,Pierrette,Binny,12/25/2023,4210,545 Roxbury Junction,pbinny8b@pbs.org,9,630
true,Cy,Bradborne,6/21/2023,38773,58 Old Shore Park,cbradborne8c@un.org,34,366
false,Padraig,Colwell,11/24/2023,24673,0 Oxford Park,pcolwell8d@biglobe.ne.jp,1,9
true,Dom,Hoff,2/23/2024,82317,604 Hollow Ridge Circle,dhoff8e@nbcnews.com,20,956
true,Lenora,Digance,1/9/2024,44401,166 Hovde Lane,ldigance8f@dailymail.co.uk,2,58
false,Luz,Yanshonok,10/2/2023,62531,44752 Rieder Center,lyanshonok8g@youtu.be,24,63
true,Aloysius,Corballis,12/12/2023,33483,38179 Lake View Plaza,acorballis8h@canalblog.com,20,131
false,Rakel,Godain,2/8/2024,59261,71 Westridge Junction,rgodain8i@accuweather.com,37,936
true,Kalinda,Hugnet,8/4/2023,72264,884 Coleman Avenue,khugnet8j@dot.gov,40,260
true,Panchito,Phittiplace,4/20/2023,25496,44556 Oriole Parkway,pphittiplace8k@shop-pro.jp,5,204
true,Wallis,Fasset,10/24/2023,97732,3312 Warner Avenue,wfasset8l@phpbb.com,30,419
false,Deanne,Burtonshaw,9/16/2023,58656,6 1st Place,dburtonshaw8m@marriott.com,23,316
true,Deedee,Good,7/5/2023,12245,34882 Forest Terrace,dgood8n@scientificamerican.com,10,836
true,Josephina,Bazeley,5/3/2023,91305,84 Schmedeman Alley,jbazeley8o@ted.com,27,898
true,Chery,Kaspar,4/10/2023,77048,9667 Park Meadow Hill,ckaspar8p@youtube.com,35,910
true,Neala,Gertz,3/25/2024,84787,691 Pond Pass,ngertz8q@shareasale.com,22,401
false,Woodie,Sturton,10/29/2023,41904,542 Nancy Pass,wsturton8r@example.com,35,931
false,Madonna,Kolis,12/20/2023,58463,2757 Lerdahl Street,mkolis8s@godaddy.com,7,968
false,Frederik,Yakubov,11/2/2023,71764,72 Forest Pass,fyakubov8t@ezinearticles.com,39,211
true,Jackie,O'Flannery,11/26/2023,46117,027 Longview Point,joflannery8u@naver.com,39,798
true,Jelene,Gonzalez,12/5/2023,24942,77824 Kenwood Park,jgonzalez8v@vistaprint.com,14,889
false,Raquel,Fulun,10/2/2023,90272,74 Browning Street,rfulun8w@msn.com,37,464
false,Maia,Ruckledge,12/7/2023,69596,49 Vidon Way,mruckledge8x@dailymotion.com,38,875
true,Catriona,Chitham,2/18/2024,79934,42905 Talmadge Court,cchitham8y@cmu.edu,30,376
true,Corny,Oman,6/20/2023,60925,8990 Helena Street,coman8z@guardian.co.uk,9,75
true,Ramsay,Elsmor,12/5/2023,52259,650 Elka Crossing,relsmor90@histats.com,10,774
false,Yehudi,Ronchetti,3/15/2024,73776,9 Michigan Hill,yronchetti91@disqus.com,32,948
false,Lucais,Seilmann,9/11/2023,24890,58 Manley Crossing,lseilmann92@cnn.com,4,898
false,Jordan,Vigours,8/14/2023,4511,224 Namekagon Circle,jvigours93@gov.uk,31,493
false,Charmaine,MacCallister,9/25/2023,30403,8845 Eggendart Drive,cmaccallister94@msn.com,18,526
true,Carlita,Konmann,8/8/2023,27837,3230 Moland Circle,ckonmann95@harvard.edu,39,127
false,Roman,Petrovsky,7/27/2023,92329,4 Steensland Way,rpetrovsky96@diigo.com,19,415
true,Gerome,Colcutt,4/8/2023,42950,85 Banding Street,gcolcutt97@auda.org.au,10,997
true,Corette,Dougliss,3/16/2024,38966,76 South Crossing,cdougliss98@economist.com,6,584
true,Olenka,Paviour,2/18/2024,71028,114 Victoria Plaza,opaviour99@wordpress.com,23,420
false,Carmen,Giacobillo,11/4/2023,31670,5 Northland Road,cgiacobillo9a@slideshare.net,1,55
true,Yehudi,Grubbe,5/3/2023,10547,5005 Shasta Lane,ygrubbe9b@buzzfeed.com,6,536
true,Edgar,Styan,2/8/2024,93043,04374 Anhalt Junction,estyan9c@auda.org.au,18,913
true,Alecia,Haney`,9/19/2023,1016,209 Porter Way,ahaney9d@studiopress.com,21,512
false,Panchito,Yonge,8/14/2023,15616,940 Southridge Trail,pyonge9e@abc.net.au,7,683
true,Marni,Gristock,1/7/2024,92744,7 Delaware Plaza,mgristock9f@time.com,5,238
true,David,Allbut,3/15/2024,71027,9 Heath Way,dallbut9g@elpais.com,6,248
false,Aurlie,Chiverton,6/28/2023,40488,46 Pearson Center,achiverton9h@godaddy.com,27,63
false,Dinny,Wahncke,8/28/2023,15844,1255 Sunnyside Circle,dwahncke9i@mit.edu,29,505
true,Rozamond,Hambribe,4/22/2023,91089,56 Sullivan Point,rhambribe9j@sitemeter.com,21,989
true,Alexandre,Mengue,11/17/2023,84573,15 Stuart Alley,amengue9k@scientificamerican.com,13,168
true,Aggie,Decourcy,11/26/2023,54757,476 Commercial Court,adecourcy9l@ca.gov,31,264
false,Chauncey,Guillford,3/28/2024,53494,5 Duke Parkway,cguillford9m@ed.gov,30,669
false,Brand,Cancellario,10/16/2023,39457,86 Stoughton Alley,bcancellario9n@etsy.com,9,25
true,May,Taveriner,7/28/2023,20730,083 Vernon Way,mtaveriner9o@e-recht24.de,14,265
true,Etti,Dickings,1/2/2024,99373,21 Hagan Court,edickings9p@usatoday.com,14,840
true,Agata,Melladew,7/16/2023,80207,4757 Reinke Alley,amelladew9q@shop-pro.jp,22,500
false,Tonnie,Gouldie,3/20/2024,44999,64 Arizona Parkway,tgouldie9r@nifty.com,9,899
false,Alidia,Urien,7/6/2023,86017,7697 Red Cloud Terrace,aurien9s@buzzfeed.com,12,924
false,Nikolas,Hilbourne,6/10/2023,4390,81690 Muir Alley,nhilbourne9t@ocn.ne.jp,15,681
true,Inna,Philipot,6/20/2023,63646,640 Twin Pines Street,iphilipot9u@dedecms.com,26,124
true,Aura,Laville,10/16/2023,19659,01 Marquette Drive,alaville9v@blogspot.com,28,366
false,Craggie,Kane,3/29/2024,25087,2 Brentwood Crossing,ckane9w@flickr.com,5,539
true,Charil,Pottery,1/4/2024,45472,9329 Melrose Trail,cpottery9x@forbes.com,9,478
false,Mariska,Colby,3/1/2024,24559,4 Springview Pass,mcolby9y@wikimedia.org,29,868
true,Sharla,Bus,6/16/2023,10650,46550 Northport Drive,sbus9z@blinklist.com,23,53
true,Verney,Whitlam,8/2/2023,10784,00592 Linden Court,vwhitlama0@theglobeandmail.com,30,364
true,Morgun,Leefe,1/28/2024,64755,408 Aberg Hill,mleefea1@google.com.br,1,595
true,Karolina,McGovern,7/27/2023,78524,367 Kensington Parkway,kmcgoverna2@google.de,1,795
true,Lonee,Thames,4/7/2024,29617,4014 Fuller Terrace,lthamesa3@google.ru,26,134
false,Elliott,Di Biaggi,9/27/2023,88294,79157 Morningstar Parkway,edibiaggia4@theatlantic.com,10,64
true,Quinn,Killimister,4/15/2023,80964,25245 Upham Center,qkillimistera5@reddit.com,40,700
true,Meg,Hartin,4/11/2023,5097,224 Beilfuss Way,mhartina6@ameblo.jp,1,809
false,Gabriel,Verty,9/28/2023,96796,1108 Del Mar Road,gvertya7@wired.com,35,834
true,Dillie,Dann,12/12/2023,2400,4 Loeprich Park,ddanna8@archive.org,24,188
true,Marty,Heindrick,2/2/2024,89923,3 Orin Parkway,mheindricka9@mit.edu,32,385
false,Gena,Liff,8/2/2023,46304,1736 Pawling Parkway,gliffaa@printfriendly.com,39,321
false,Shaine,Voelker,5/29/2023,13672,5 Namekagon Junction,svoelkerab@google.it,4,802
true,Candra,Boothebie,3/2/2024,33659,581 Northridge Lane,cboothebieac@rediff.com,13,992
false,Jefferson,Bockh,5/7/2023,37252,00028 Kipling Street,jbockhad@creativecommons.org,12,513
true,Sylvester,Caldairou,6/11/2023,93713,86251 Sloan Junction,scaldairouae@smugmug.com,23,797
true,Annnora,Willishire,6/23/2023,57901,20 7th Terrace,awillishireaf@patch.com,32,419
true,Dorelia,Logan,4/27/2023,80172,20862 Blue Bill Park Place,dloganag@berkeley.edu,30,498
true,Abbey,Corke,4/2/2024,21159,15562 John Wall Crossing,acorkeah@livejournal.com,10,945
false,Wiatt,Garrold,7/19/2023,92782,9 Beilfuss Pass,wgarroldai@over-blog.com,22,919
false,Meagan,Garter,7/9/2023,16498,667 1st Place,mgarteraj@usnews.com,38,301
false,Lemar,Petken,5/3/2023,43691,9830 Montana Way,lpetkenak@home.pl,19,349
true,Annabel,Borit,4/21/2023,26280,764 Fordem Circle,aborital@springer.com,18,163
true,Gail,Oselton,10/9/2023,94476,89 Haas Street,goseltonam@webeden.co.uk,17,197
false,Raquel,Lisle,12/6/2023,10697,66 Sycamore Hill,rlislean@ed.gov,13,762
true,Lee,Leates,4/23/2023,57652,615 Oakridge Lane,lleatesao@opera.com,11,655
true,Jonathan,End,4/20/2023,62852,88355 Hooker Plaza,jendap@buzzfeed.com,2,549
false,Ingeberg,Corre,9/3/2023,8599,5256 Westerfield Hill,icorreaq@npr.org,31,89
true,Lucienne,Woloschin,12/7/2023,53730,14290 Cherokee Trail,lwoloschinar@theglobeandmail.com,16,146
true,Marylee,Brookwell,4/4/2024,84719,374 Mccormick Drive,mbrookwellas@ameblo.jp,3,354
false,Fredra,Daens,8/1/2023,84017,9 Valley Edge Pass,fdaensat@ucoz.ru,7,905
false,Camala,Sibley,9/4/2023,6830,47 Charing Cross Center,csibleyau@surveymonkey.com,5,990
false,Reena,Yates,4/14/2023,5508,92597 Independence Trail,ryatesav@com.com,10,116
true,Niccolo,Larmouth,12/2/2023,39379,739 Farmco Alley,nlarmouthaw@economist.com,22,410
false,Hobie,Hindenburg,11/17/2023,94509,1 Northland Crossing,hhindenburgax@wikispaces.com,6,954
false,Ebba,Prendergrast,6/6/2023,17524,22495 Redwing Pass,eprendergrastay@shop-pro.jp,38,813
true,Corey,Clarricoates,7/4/2023,24733,0 Artisan Center,cclarricoatesaz@reverbnation.com,30,639
false,Alexa,Connold,2/5/2024,68858,15195 Elmside Alley,aconnoldb0@wikispaces.com,6,448
true,Kessiah,Allett,7/13/2023,39222,217 Comanche Crossing,kallettb1@biglobe.ne.jp,15,513
true,Jazmin,Yearnsley,6/1/2023,28366,9 Huxley Drive,jyearnsleyb2@ca.gov,40,621
true,Aldridge,Ramplee,10/14/2023,45492,0 Grayhawk Place,arampleeb3@blogtalkradio.com,4,905
false,Merrill,Jenik,7/5/2023,50986,83 Browning Point,mjenikb4@webmd.com,40,121
false,Chloris,Geeson,3/30/2024,19111,1 Lindbergh Place,cgeesonb5@sbwire.com,19,512
false,Christina,Gregoratti,3/9/2024,89674,387 Eagan Street,cgregorattib6@vk.com,1,831
true,Fanya,Ghelardi,8/18/2023,64908,7 John Wall Terrace,fghelardib7@ucsd.edu,36,369
true,Carr,Jurgensen,11/30/2023,60088,8690 Blue Bill Park Junction,cjurgensenb8@mozilla.com,36,225
true,Guy,Flieger,6/21/2023,14715,2556 Golf Alley,gfliegerb9@wikimedia.org,5,624
false,Erich,Ivanchenkov,5/3/2023,95433,096 Anniversary Drive,eivanchenkovba@constantcontact.com,33,566
true,Murial,Currum,8/27/2023,4545,4731 Bayside Alley,mcurrumbb@xing.com,33,75
true,Charmain,Scamerdine,7/27/2023,79055,4 Burrows Alley,cscamerdinebc@slashdot.org,14,779
true,Arturo,Danilin,1/16/2024,95141,016 Glendale Lane,adanilinbd@examiner.com,21,798
false,Ham,Asbury,3/23/2024,60806,02789 Chive Lane,hasburybe@t.co,7,907
false,Ashby,Khristyukhin,11/1/2023,55266,05796 Merrick Crossing,akhristyukhinbf@google.es,39,844
false,Bendicty,Lemme,12/21/2023,83187,2813 Lake View Drive,blemmebg@ow.ly,26,894
true,Boris,Grooby,9/21/2023,85387,95984 Ridgeway Crossing,bgroobybh@ebay.com,1,112
false,Edeline,Touson,10/10/2023,22204,5582 Kipling Center,etousonbi@csmonitor.com,39,323
false,Lianne,Corneille,6/10/2023,93327,27 Huxley Lane,lcorneillebj@webeden.co.uk,26,311
true,Sergio,McElane,10/26/2023,14865,6223 Crescent Oaks Circle,smcelanebk@hatena.ne.jp,37,926
true,Gaston,Keri,1/12/2024,64509,6232 Nelson Place,gkeribl@va.gov,19,619
true,Keir,Drexel,4/20/2023,79006,9608 Amoth Center,kdrexelbm@tripadvisor.com,33,600
true,Cleavland,Geane,8/27/2023,50554,96360 Armistice Road,cgeanebn@technorati.com,34,790
false,Franchot,Ormiston,11/29/2023,47572,27582 Talisman Center,formistonbo@xrea.com,15,217
false,Hermina,Cockaday,10/9/2023,48147,51 Gerald Hill,hcockadaybp@wordpress.org,12,145
true,Merrile,Kays,8/7/2023,97723,105 Little Fleur Alley,mkaysbq@unesco.org,9,817
true,Cecelia,Sanchiz,8/27/2023,51524,5261 Mallard Crossing,csanchizbr@topsy.com,9,247
false,Seana,Le Barr,3/11/2024,2151,55106 Colorado Park,slebarrbs@bbb.org,13,376
false,Janella,Jonson,7/9/2023,93819,69 Fieldstone Street,jjonsonbt@hubpages.com,19,568
true,Stephani,Zoren,6/2/2023,19473,24110 Merrick Trail,szorenbu@businessweek.com,38,291
true,Nevil,Roney,4/15/2023,15327,4305 Clyde Gallagher Crossing,nroneybv@g.co,18,303
true,Ingaberg,Larenson,7/12/2023,35263,8 Namekagon Trail,ilarensonbw@tmall.com,11,664
false,Stillmann,Trundell,2/21/2024,20662,54 Reinke Center,strundellbx@tripod.com,33,965
true,Urban,Pitcher,4/26/2023,27786,945 Westerfield Center,upitcherby@netscape.com,37,563
true,Pearl,Clapperton,3/29/2024,8491,30187 Dakota Way,pclappertonbz@paginegialle.it,35,355
false,Tamarah,Bodley,9/25/2023,61442,27727 High Crossing Pass,tbodleyc0@mit.edu,8,1
true,Gertrudis,Ninotti,3/26/2024,95962,538 Dayton Terrace,gninottic1@oakley.com,11,953
true,Dorey,Swales,3/17/2024,42602,35 Esker Park,dswalesc2@bloglines.com,8,992
false,Jacenta,Tremoille,3/16/2024,86806,97216 Pine View Circle,jtremoillec3@ovh.net,21,291
false,Gwenette,Minghetti,7/10/2023,44254,15595 Burning Wood Park,gminghettic4@twitter.com,27,105
true,Ingar,Lambshine,5/17/2023,83300,27 Grim Avenue,ilambshinec5@bravesites.com,7,160
true,Madel,Snelling,5/31/2023,10081,81 Forest Dale Alley,msnellingc6@google.co.jp,1,805
true,Kaylil,Busek,4/23/2023,75728,75 Kim Avenue,kbusekc7@spotify.com,7,593
false,Luigi,Bault,9/27/2023,92731,5694 International Drive,lbaultc8@moonfruit.com,38,14
true,Nike,Winkell,3/14/2024,9838,06 Nevada Junction,nwinkellc9@nhs.uk,17,374
true,Codi,Barczynski,5/22/2023,24147,4 Butterfield Center,cbarczynskica@admin.ch,9,445
true,Nada,O'Kerin,4/3/2024,41515,179 Lakeland Terrace,nokerincb@networksolutions.com,28,105
false,Sarge,Claiden,3/31/2024,30124,96023 Jackson Drive,sclaidencc@netlog.com,27,582
false,Aldric,Dakhov,2/10/2024,71445,19 Rieder Street,adakhovcd@360.cn,37,750
true,Win,Kitchenside,10/4/2023,25425,172 Talisman Point,wkitchensidece@123-reg.co.uk,39,92
true,Roseline,Purviss,5/19/2023,13370,142 Lerdahl Hill,rpurvisscf@state.gov,28,529
true,Merv,Ephgrave,4/10/2023,40935,1 Merry Terrace,mephgravecg@indiatimes.com,27,329
true,Koralle,Ricold,6/15/2023,26285,781 Anzinger Alley,kricoldch@vistaprint.com,28,628
true,Sephira,Greenroad,10/7/2023,14330,37 Stoughton Crossing,sgreenroadci@paginegialle.it,12,456
false,Marina,Maltby,10/1/2023,37517,42 Blackbird Lane,mmaltbycj@loc.gov,10,209
false,Nellie,Dafydd,2/4/2024,4413,40 Stoughton Parkway,ndafyddck@google.cn,26,839
true,Cinnamon,Effemy,10/27/2023,47073,81243 Heffernan Junction,ceffemycl@nationalgeographic.com,16,946
false,Eleanore,Smallpeace,12/18/2023,59772,8 Logan Parkway,esmallpeacecm@google.ru,10,359
true,Mersey,Slatcher,1/7/2024,1791,3792 Victoria Terrace,mslatchercn@ox.ac.uk,22,502
true,Umeko,Larway,12/8/2023,44619,17776 Vera Lane,ularwayco@zimbio.com,23,498
true,Derby,Atkirk,10/18/2023,13621,52 Grasskamp Way,datkirkcp@amazon.co.jp,5,714
true,Keith,Dance,6/13/2023,69757,021 Grover Point,kdancecq@auda.org.au,3,528
true,Dimitry,Alman,2/12/2024,20284,796 Onsgard Street,dalmancr@privacy.gov.au,22,885
true,Ardyce,Moxted,1/1/2024,91012,16 Dahle Drive,amoxtedcs@wiley.com,21,380
true,Sterling,Cagan,1/1/2024,9888,746 Rockefeller Circle,scaganct@illinois.edu,2,446
false,Cortie,Clist,3/15/2024,74931,143 Emmet Circle,cclistcu@moonfruit.com,24,750
false,Aylmer,Woodes,7/17/2023,83634,1 Buell Way,awoodescv@ovh.net,6,97
false,Chelsie,Mathews,11/5/2023,120,0 Gina Terrace,cmathewscw@usgs.gov,11,822
false,Rabbi,Vasyutkin,6/27/2023,93902,3123 Sauthoff Alley,rvasyutkincx@bbb.org,30,125
false,Demetre,Blankhorn,8/2/2023,25214,8907 Arapahoe Road,dblankhorncy@google.nl,20,77
true,Nicki,Spirit,7/17/2023,51161,5 Esch Pass,nspiritcz@tinypic.com,26,1000
false,Belinda,Mungin,1/14/2024,14053,4 Buell Hill,bmungind0@cornell.edu,10,393
false,Dorothea,Pohlke,1/3/2024,30084,80643 Cody Crossing,dpohlked1@exblog.jp,40,330
true,Cole,Oglesbee,6/25/2023,37907,44 Schurz Trail,coglesbeed2@chron.com,13,881
false,Tomas,Bobasch,1/22/2024,83511,64517 Grayhawk Terrace,tbobaschd3@behance.net,26,912
true,Keriann,Trewhela,10/31/2023,2744,6 Del Mar Park,ktrewhelad4@cpanel.net,11,511
true,Conrade,Tal,2/12/2024,71832,61495 Goodland Road,ctald5@cloudflare.com,5,342
false,Rene,Livens,6/18/2023,11788,8757 Katie Trail,rlivensd6@whitehouse.gov,38,596
false,Lorrin,Feldmann,2/24/2024,84374,975 Birchwood Way,lfeldmannd7@techcrunch.com,6,57
true,Susanetta,Timlett,10/14/2023,93537,885 Grover Road,stimlettd8@dell.com,11,355
false,Merwyn,Garatty,8/17/2023,49757,676 Graedel Center,mgarattyd9@senate.gov,38,410
false,Tobye,Meece,7/13/2023,24387,2533 7th Avenue,tmeeceda@geocities.jp,1,713
false,Guillema,Munning,3/18/2024,90430,079 Veith Crossing,gmunningdb@devhub.com,34,881
false,Roselin,Arlett,10/4/2023,79303,1091 Linden Junction,rarlettdc@umn.edu,36,455
true,Benedetto,Girogetti,10/11/2023,79867,83 David Pass,bgirogettidd@upenn.edu,17,420
false,Shaylyn,Simla,2/8/2024,63497,5 Arapahoe Road,ssimlade@ning.com,34,870
false,Darbee,Jeandet,11/6/2023,5311,9034 South Place,djeandetdf@ustream.tv,4,892
false,Gery,Prahl,12/9/2023,41876,3178 Monica Place,gprahldg@discovery.com,1,915
false,Fiona,Ewbank,8/26/2023,3853,20135 Lotheville Place,fewbankdh@admin.ch,12,486
true,Fabe,Longwood,4/17/2023,78604,7418 Nancy Hill,flongwooddi@usnews.com,7,734
false,Abdel,Hasling,3/6/2024,19952,9 Messerschmidt Alley,ahaslingdj@mlb.com,12,931
true,Ringo,Sellwood,9/14/2023,38982,17097 Moose Plaza,rsellwooddk@nih.gov,10,166
true,Kenneth,Coltart,7/19/2023,10126,9 Superior Drive,kcoltartdl@ycombinator.com,26,682
true,Arleyne,Collis,12/15/2023,38979,3 Spohn Crossing,acollisdm@blog.com,34,364
true,Silva,MacGill,7/26/2023,65005,2 Carioca Hill,smacgilldn@google.ca,25,465
true,Fanya,Wrench,2/27/2024,94540,8 Tennyson Road,fwrenchdo@quantcast.com,9,545
false,Lee,Willis,2/12/2024,62572,4424 Forest Run Drive,lwillisdp@mapquest.com,21,494
true,Andree,Simion,4/13/2023,9991,975 Reindahl Hill,asimiondq@wikimedia.org,25,633
false,Katharina,Parmley,7/28/2023,78276,5214 Luster Crossing,kparmleydr@geocities.jp,30,492
false,Coreen,Ruusa,1/2/2024,52589,157 Melrose Drive,cruusads@devhub.com,19,785
false,Page,Gard,9/30/2023,41501,12 Hovde Terrace,pgarddt@usatoday.com,10,487
false,Cheryl,Riepl,4/1/2024,94445,132 Forest Run Plaza,criepldu@google.fr,13,130
true,Frederick,Ewers,5/26/2023,69971,5645 Jenifer Junction,fewersdv@symantec.com,5,646
false,Derk,Odcroft,7/26/2023,88770,7417 Dapin Drive,dodcroftdw@paginegialle.it,33,557
true,Elliot,Mecco,11/15/2023,95169,8693 Oak Crossing,emeccodx@ca.gov,22,764
true,Alie,Navaro,7/19/2023,1112,5 Michigan Point,anavarody@cyberchimps.com,30,618
false,Willie,Ginity,12/9/2023,19945,05128 4th Pass,wginitydz@examiner.com,20,110
false,Micheal,Reddle,7/23/2023,6635,244 Thierer Lane,mreddlee0@wikispaces.com,24,59
true,Godard,Eloi,6/24/2023,71980,6 Muir Road,geloie1@slate.com,14,180
false,Clarey,Cavee,10/22/2023,75538,04 Monica Hill,ccaveee2@jalbum.net,3,228
false,Adrianna,Crolly,7/30/2023,59221,860 Fallview Terrace,acrollye3@fda.gov,27,172
true,Perla,Walcher,10/2/2023,90330,20 Green Ridge Place,pwalchere4@skyrock.com,38,424
true,Desdemona,Kempster,10/18/2023,24579,2708 Magdeline Terrace,dkempstere5@columbia.edu,39,904
false,Dennis,Laxtonne,10/15/2023,19644,2250 Kedzie Alley,dlaxtonnee6@prnewswire.com,23,569
true,Marika,Sivess,9/16/2023,53349,12 Lillian Park,msivesse7@photobucket.com,17,248
true,Felecia,Cotte,5/31/2023,23145,6 Saint Paul Trail,fcottee8@disqus.com,34,189
true,Irvin,McFall,10/23/2023,15465,111 5th Park,imcfalle9@va.gov,18,261
false,Eadmund,Belshaw,7/6/2023,69039,348 New Castle Crossing,ebelshawea@independent.co.uk,3,681
true,Ly,Casina,7/8/2023,68658,469 Maywood Parkway,lcasinaeb@nps.gov,35,641
false,Donavon,Waldron,12/3/2023,49141,5095 Trailsway Court,dwaldronec@fema.gov,21,337
true,Dolley,Applegate,3/30/2024,19238,000 Daystar Trail,dapplegateed@free.fr,6,51
true,Dalenna,Kidde,2/22/2024,96441,65 7th Lane,dkiddeee@ox.ac.uk,2,883
true,Sidoney,Yaneev,7/24/2023,43559,90720 Kennedy Road,syaneevef@creativecommons.org,6,486
true,Chloe,Talby,8/27/2023,75827,15023 Sycamore Street,ctalbyeg@bbc.co.uk,21,82
true,Tuesday,Zellmer,3/12/2024,47606,748 Sauthoff Crossing,tzellmereh@altervista.org,24,253
false,Debby,Wooffitt,9/4/2023,18324,1 Huxley Lane,dwooffittei@house.gov,15,616
true,Aimil,Paydon,7/29/2023,36650,91 Daystar Drive,apaydonej@360.cn,38,662
false,Collie,Ranking,12/27/2023,44951,6 Basil Park,crankingek@paypal.com,3,42
false,Ginger,Cruikshanks,5/24/2023,64992,288 Center Crossing,gcruikshanksel@bigcartel.com,35,931
false,Donni,Bristo,12/5/2023,50497,94399 Onsgard Center,dbristoem@devhub.com,40,808
true,Arielle,Tadman,12/16/2023,26114,3352 Spaight Crossing,atadmanen@flavors.me,13,571
true,Daryl,Sails,7/2/2023,64325,8 Luster Avenue,dsailseo@pbs.org,9,434
false,Carter,Mabbott,3/5/2024,41566,83 Memorial Trail,cmabbottep@instagram.com,5,770
true,Darsie,Mockett,7/21/2023,99123,30212 Weeping Birch Crossing,dmocketteq@mozilla.com,6,561
false,Yorgos,Haggerwood,12/21/2023,37327,7 Roxbury Lane,yhaggerwooder@jalbum.net,37,668
false,Greta,Hampe,4/6/2024,96933,4 Carberry Circle,ghampees@gizmodo.com,3,624
true,Ham,Gawith,10/12/2023,88971,489 Spenser Way,hgawithet@virginia.edu,16,13
true,Rosalia,Welman,5/29/2023,29010,1 Briar Crest Circle,rwelmaneu@kickstarter.com,1,856
false,Mandel,Latimer,12/23/2023,89216,22331 Hovde Road,mlatimerev@unc.edu,29,579
true,Mallorie,Vynehall,2/22/2024,70094,14710 Pawling Circle,mvynehallew@tuttocitta.it,31,265
true,Arvy,Daniell,1/30/2024,19830,9984 Hallows Lane,adaniellex@latimes.com,37,306
false,Alvy,Calderonello,10/19/2023,83795,2 Green Lane,acalderonelloey@nhs.uk,33,933
false,Germain,MacArte,8/14/2023,36455,15658 David Parkway,gmacarteez@live.com,22,256
true,Aloise,Rosten,5/17/2023,94781,676 Everett Junction,arostenf0@altervista.org,10,367
true,Nanine,Postlethwaite,4/4/2024,66362,9169 Scofield Court,npostlethwaitef1@ezinearticles.com,39,270
true,Dalston,Halbert,11/14/2023,86296,53 Amoth Court,dhalbertf2@cmu.edu,24,758
true,Perry,Pycock,10/8/2023,53632,5 Crest Line Trail,ppycockf3@altervista.org,14,788
true,Florenza,Ancell,6/16/2023,76775,2 Commercial Circle,fancellf4@mediafire.com,14,178
false,Beryl,Houlison,9/26/2023,14420,024 American Ash Place,bhoulisonf5@hubpages.com,15,32
true,Job,Bachura,7/21/2023,70955,5594 Erie Road,jbachuraf6@xrea.com,2,631
false,Terrye,Wetherby,2/14/2024,12953,9 Northridge Way,twetherbyf7@bloglines.com,20,929
false,Cristie,Hembery,5/11/2023,13452,0305 Darwin Junction,chemberyf8@yahoo.com,15,704
false,Bird,Artin,7/12/2023,51635,6 Randy Drive,bartinf9@arizona.edu,20,727
false,Sabrina,Dooler,7/24/2023,63570,8930 Anderson Road,sdoolerfa@jigsy.com,16,576
true,Wallie,Ferencowicz,2/8/2024,47888,5455 Elka Place,wferencowiczfb@wikimedia.org,29,717
false,Pancho,Lunny,3/12/2024,82045,17 Basil Crossing,plunnyfc@about.me,12,431
true,Orrin,Grieveson,12/20/2023,4298,65 Heffernan Pass,ogrievesonfd@prweb.com,3,808
false,Irina,Kisbey,11/14/2023,91931,475 Scoville Center,ikisbeyfe@nsw.gov.au,29,413
false,Ardenia,Devall,2/9/2024,12140,774 Holy Cross Hill,adevallff@weibo.com,7,199
true,Myer,Coleby,9/15/2023,95943,05749 Arkansas Drive,mcolebyfg@apple.com,28,807
true,Pauline,MacKnocker,11/23/2023,21689,56054 Killdeer Junction,pmacknockerfh@statcounter.com,24,836
false,Hyacintha,Ulrik,11/22/2023,21165,69 Tennessee Street,hulrikfi@ibm.com,36,557
false,Vasilis,Ferrer,2/3/2024,39333,81239 Hauk Center,vferrerfj@admin.ch,34,187
true,Darcey,Alcide,4/15/2023,52781,7 Esker Place,dalcidefk@cloudflare.com,22,422
false,Ermina,Gerb,6/22/2023,9749,9252 Pierstorff Street,egerbfl@soundcloud.com,27,580
true,Paddy,Topley,12/3/2023,15536,9015 Dapin Junction,ptopleyfm@ocn.ne.jp,25,315
true,Vergil,Dossetter,8/15/2023,23230,35 Russell Crossing,vdossetterfn@merriam-webster.com,20,349
true,Gladys,Middlebrook,7/13/2023,3035,432 Annamark Trail,gmiddlebrookfo@usda.gov,11,899
true,Nydia,Caddies,5/23/2023,18290,936 Haas Park,ncaddiesfp@drupal.org,14,230
false,Darnall,Simunek,11/11/2023,36051,0372 Daystar Way,dsimunekfq@typepad.com,12,443
false,Crysta,Petofi,7/4/2023,99509,78795 Weeping Birch Place,cpetofifr@cdbaby.com,35,459
true,Tracie,Leber,11/5/2023,16595,3 Nelson Avenue,tleberfs@moonfruit.com,11,27
true,Lorrin,Slimon,11/13/2023,71399,81177 Browning Parkway,lslimonft@slideshare.net,14,789
true,Eleonora,Burgoine,2/9/2024,47875,12 Canary Lane,eburgoinefu@biblegateway.com,14,117
true,Dominick,Lage,6/11/2023,84856,4010 New Castle Park,dlagefv@acquirethisname.com,21,927
true,Rogers,Hammant,1/13/2024,44268,84 Elmside Trail,rhammantfw@constantcontact.com,22,118
false,Merna,Demongeot,11/1/2023,7206,8 Duke Plaza,mdemongeotfx@usda.gov,2,819
false,Mufi,Chasmor,3/10/2024,86483,62 Starling Crossing,mchasmorfy@delicious.com,35,400
true,Paolo,Kenner,1/20/2024,76734,71590 Service Way,pkennerfz@1und1.de,14,822
true,Joscelin,Goodlett,6/27/2023,83905,01 Johnson Center,jgoodlettg0@cocolog-nifty.com,22,73
true,Titos,Timothy,9/7/2023,68610,3 Blackbird Point,ttimothyg1@nih.gov,4,232
true,Gardiner,Rego,5/1/2023,40761,84271 Armistice Drive,gregog2@soup.io,32,788
false,Delmore,Shrubsall,7/24/2023,27549,1 Monument Center,dshrubsallg3@hexun.com,18,427
true,Trish,Lochet,5/7/2023,94013,49171 Cody Circle,tlochetg4@wufoo.com,26,220
true,Standford,Woollends,8/20/2023,59899,365 Merchant Drive,swoollendsg5@flavors.me,8,863
true,Teddie,Whisby,7/9/2023,81962,174 Mesta Lane,twhisbyg6@dyndns.org,2,702
true,Eva,Cabrara,5/16/2023,89737,6093 Evergreen Street,ecabrarag7@ning.com,39,512
true,Francoise,Siccombe,8/6/2023,72548,5 Hintze Avenue,fsiccombeg8@addthis.com,6,690
false,Nikos,Dunston,3/12/2024,5613,4 Dawn Point,ndunstong9@alexa.com,33,747
true,Agna,Moncaster,10/27/2023,76825,359 Dennis Trail,amoncasterga@example.com,21,38
true,Fey,Reuben,5/25/2023,64396,3218 Clove Court,freubengb@163.com,9,308
true,Cissiee,Verbrugge,9/9/2023,90264,927 Dapin Way,cverbruggegc@fastcompany.com,7,264
false,Ninnette,Woodroof,2/24/2024,9999,1 Warner Street,nwoodroofgd@cbsnews.com,32,49
true,Dov,Freiburger,11/5/2023,19642,16796 Gateway Crossing,dfreiburgerge@google.fr,2,396
true,Towny,Seers,6/19/2023,8323,33473 Messerschmidt Crossing,tseersgf@t-online.de,25,994
true,Dione,Desorts,10/16/2023,9822,5 Evergreen Park,ddesortsgg@vinaora.com,40,224
true,Danica,Meacher,10/31/2023,36189,231 Maple Terrace,dmeachergh@ning.com,11,212
false,Abbey,Bonnick,4/5/2024,25615,42 Michigan Center,abonnickgi@diigo.com,40,581
true,Shelli,Smitheram,1/19/2024,40257,90752 Transport Junction,ssmitheramgj@washingtonpost.com,24,989
true,Giulietta,O'Cuddie,12/28/2023,3651,04904 Moose Crossing,gocuddiegk@mapquest.com,14,698
true,Abbye,Dumphy,2/4/2024,57335,9 Anthes Street,adumphygl@intel.com,40,634
false,Patsy,Taylour,9/24/2023,71007,66977 Badeau Junction,ptaylourgm@clickbank.net,17,917
true,Gregorius,Lanktree,11/29/2023,39615,021 Killdeer Plaza,glanktreegn@bandcamp.com,13,639
true,Evelyn,Braune,12/13/2023,95083,8 Sachtjen Parkway,ebraunego@sourceforge.net,37,533
false,Broderick,Rumens,10/10/2023,72668,1 Forster Junction,brumensgp@ihg.com,36,245
true,Klarrisa,Guttridge,9/9/2023,89723,7 Cody Crossing,kguttridgegq@loc.gov,19,6
true,Mohandas,Gorghetto,6/11/2023,85876,2 Golden Leaf Terrace,mgorghettogr@typepad.com,23,377
false,Ynes,Neylan,12/11/2023,98053,60 Jenna Way,yneylangs@bloglines.com,28,937
true,Jerome,Blanshard,8/12/2023,77204,55 Hagan Alley,jblanshardgt@trellian.com,17,382
false,Gunter,McJerrow,7/6/2023,21644,60 Nova Avenue,gmcjerrowgu@blogger.com,8,258
true,Deina,Whittenbury,8/10/2023,86090,46 Stephen Place,dwhittenburygv@zdnet.com,13,611
false,Kriste,Godden,2/3/2024,25679,1617 Eastwood Pass,kgoddengw@domainmarket.com,36,879
true,Josi,Cristoforo,12/27/2023,80441,58 Hansons Plaza,jcristoforogx@springer.com,35,80
true,Emmy,Train,1/9/2024,96417,0857 Saint Paul Court,etraingy@artisteer.com,13,446
false,Ceil,Attlee,10/2/2023,86268,66957 Barby Way,cattleegz@microsoft.com,4,543
true,Kinnie,Wilby,2/9/2024,82771,66764 Pine View Pass,kwilbyh0@squidoo.com,25,427
false,Arleen,Greenslade,7/9/2023,43144,38 Melody Circle,agreensladeh1@themeforest.net,30,494
true,Athene,Claffey,5/20/2023,72095,3 Manufacturers Place,aclaffeyh2@google.it,23,526
false,Margalit,Sodo,3/14/2024,55931,22 Cordelia Crossing,msodoh3@g.co,34,649
true,Sydelle,Dwelley,4/14/2023,43892,677 Knutson Crossing,sdwelleyh4@mac.com,18,401
true,Erwin,Lakeman,4/25/2023,78476,7 Fieldstone Plaza,elakemanh5@icq.com,22,707
true,Siusan,Loach,5/27/2023,11551,5597 Eastlawn Junction,sloachh6@google.fr,6,908
true,Duncan,Ratledge,11/9/2023,72224,5 Hoard Way,dratledgeh7@cyberchimps.com,28,856
true,Waldon,Matzel,6/17/2023,77005,61 Lyons Terrace,wmatzelh8@boston.com,3,820
true,Lambert,Hollyman,1/26/2024,3669,48 Division Pass,lhollymanh9@wp.com,13,206
false,Enrica,Turbill,9/15/2023,97999,03472 Norway Maple Park,eturbillha@adobe.com,11,704
false,Amelina,Meers,6/23/2023,18980,2 Gateway Drive,ameershb@symantec.com,4,695
false,Min,Gohn,8/18/2023,36172,6482 Maple Wood Lane,mgohnhc@examiner.com,22,463
false,Herman,Manvelle,5/9/2023,28763,52 Fairview Center,hmanvellehd@noaa.gov,1,49
false,Zorana,Kruszelnicki,8/20/2023,40641,95297 Corscot Hill,zkruszelnickihe@sakura.ne.jp,28,371
true,Baldwin,Zoren,1/22/2024,27965,48 Sullivan Hill,bzorenhf@reference.com,23,118
false,Charmian,Kendrew,9/28/2023,45498,01917 Longview Center,ckendrewhg@sphinn.com,24,487
false,Mureil,Helix,1/18/2024,46502,0 Pearson Junction,mhelixhh@google.co.uk,27,861
true,Nilson,Ainsbury,11/22/2023,94883,449 Magdeline Plaza,nainsburyhi@163.com,18,116
false,Dexter,Noseworthy,6/9/2023,18293,93 Magdeline Junction,dnoseworthyhj@prnewswire.com,23,961
true,Elsy,Maier,6/16/2023,6450,48857 Esch Trail,emaierhk@webs.com,16,514
false,Carlee,Parzizek,10/29/2023,55348,9954 Towne Lane,cparzizekhl@networksolutions.com,37,654
false,Gayel,Benedidick,2/20/2024,42257,63 Melody Lane,gbenedidickhm@fema.gov,7,238
false,Der,Hellis,12/14/2023,64198,24103 Mockingbird Way,dhellishn@opensource.org,35,312
false,Alyse,Milne,4/30/2023,68074,958 Anzinger Terrace,amilneho@i2i.jp,9,198
true,Anthony,Jinkins,6/17/2023,89755,2 Cambridge Center,ajinkinshp@bing.com,17,546
false,Morganica,Linkleter,12/26/2023,33069,5276 Duke Road,mlinkleterhq@cbsnews.com,30,337
false,Henryetta,Bernholt,4/20/2023,78819,03 Center Park,hbernholthr@discuz.net,36,265
true,Rosanne,Etuck,11/24/2023,38836,418 Vidon Road,retuckhs@t-online.de,15,704
false,Ursulina,Stutte,1/16/2024,66207,54764 Thackeray Center,ustutteht@dot.gov,19,908
false,Emogene,Orrice,6/10/2023,6425,79246 Hudson Lane,eorricehu@bravesites.com,27,436
true,Lorena,Bertelmot,5/24/2023,37419,172 Meadow Ridge Point,lbertelmothv@nih.gov,2,386
false,Nessa,Copcutt,11/29/2023,81623,50042 Lighthouse Bay Pass,ncopcutthw@walmart.com,19,208
true,Ezra,Spinozzi,10/31/2023,18623,1 Corry Road,espinozzihx@last.fm,2,979
true,Lari,Eberdt,1/14/2024,79205,22237 Emmet Point,leberdthy@e-recht24.de,18,243
true,Lolita,Bagnal,1/21/2024,77475,8 Cherokee Street,lbagnalhz@creativecommons.org,31,106
false,Tynan,Blesing,5/9/2023,2846,0596 Bluejay Court,tblesingi0@free.fr,25,707
true,Pieter,Askaw,8/2/2023,16298,121 Hintze Street,paskawi1@indiegogo.com,8,977
true,Lucine,Gilyott,1/2/2024,81306,3293 Kim Park,lgilyotti2@jalbum.net,35,763
false,Mei,Fortey,4/20/2023,9248,7784 Hallows Parkway,mforteyi3@geocities.com,30,327
true,Calypso,Sherratt,9/9/2023,27540,0857 Burrows Place,csherratti4@dailymail.co.uk,32,565
false,Jess,Halson,8/5/2023,99006,7469 Carey Drive,jhalsoni5@imgur.com,3,800
false,Cissy,Wisdish,5/8/2023,98463,364 Meadow Ridge Hill,cwisdishi6@jalbum.net,19,242
true,Batholomew,Munehay,3/22/2024,67304,59 Carioca Way,bmunehayi7@blinklist.com,3,612
false,Wake,Blare,12/6/2023,6629,4 Heffernan Street,wblarei8@vistaprint.com,15,516
false,Susi,Excell,11/21/2023,64369,9 Oneill Plaza,sexcelli9@hp.com,29,325
true,Kandy,Mebs,1/7/2024,81919,9133 Mayer Center,kmebsia@java.com,3,460
false,Kaja,Hubber,8/22/2023,66068,8 Declaration Alley,khubberib@ftc.gov,2,169
false,Carolyn,Jee,2/24/2024,62851,6 Dakota Point,cjeeic@4shared.com,33,812
true,Kevina,Swedeland,10/31/2023,9683,84064 International Way,kswedelandid@skyrock.com,26,180
true,Jose,Stovold,10/17/2023,24510,8 Nelson Pass,jstovoldie@bloglines.com,2,514
true,Jori,Richardes,5/25/2023,64713,7 Nova Way,jrichardesif@weather.com,36,297
false,Zola,Cancellor,11/20/2023,52043,5419 Vidon Crossing,zcancellorig@php.net,39,558
false,Dodie,Goodin,11/12/2023,87681,27679 Manley Court,dgoodinih@webnode.com,40,688
false,Buiron,Gorelli,1/21/2024,34066,44 Starling Way,bgorelliii@businesswire.com,12,436
false,Kirsten,Mounfield,2/22/2024,40484,143 Vernon Drive,kmounfieldij@cmu.edu,26,792
true,Marybelle,Ridding,7/6/2023,37393,09974 Michigan Way,mriddingik@senate.gov,28,123
false,Kerr,Harbach,3/27/2024,34637,32436 Melody Park,kharbachil@google.es,25,458
false,Nonie,Tuft,4/9/2023,73918,77 Hoard Parkway,ntuftim@w3.org,10,995
false,Lark,Prowse,6/25/2023,95812,891 Bowman Trail,lprowsein@timesonline.co.uk,31,524
true,Burk,Demcik,4/4/2024,37421,032 Mallory Trail,bdemcikio@dot.gov,3,590
true,Nissy,Inglesent,2/9/2024,50632,35105 Green Plaza,ninglesentip@blinklist.com,27,21
false,Gilemette,Conant,2/28/2024,56915,7868 Randy Lane,gconantiq@mediafire.com,10,806
false,Mozes,Muzzillo,5/11/2023,71192,1 Banding Center,mmuzzilloir@epa.gov,27,138
false,Reuven,Sarton,1/2/2024,15793,65 Coolidge Point,rsartonis@sun.com,32,645
false,Meaghan,Bidewel,8/5/2023,15942,44726 Longview Hill,mbidewelit@opensource.org,36,256
true,Lucais,Tafani,12/29/2023,15777,55006 Dennis Alley,ltafaniiu@yandex.ru,38,718
true,Wilmer,Blenkinship,8/19/2023,39292,7617 Iowa Plaza,wblenkinshipiv@opera.com,15,631
true,Bradford,Questier,10/16/2023,63820,6059 Crest Line Terrace,bquestieriw@51.la,30,809
false,Carmen,Hanmer,9/3/2023,39608,3 Arizona Drive,chanmerix@reverbnation.com,10,220
true,Allys,Iacomo,11/27/2023,43359,02566 Forest Pass,aiacomoiy@wikispaces.com,30,835
false,Jerrie,Ruler,1/14/2024,57545,99 Dayton Plaza,jruleriz@bloomberg.com,1,613
false,Noelani,Bradburn,2/17/2024,52039,348 Starling Crossing,nbradburnj0@forbes.com,19,916
true,Aube,Sullens,3/18/2024,45781,642 Anderson Hill,asullensj1@smugmug.com,35,315
true,Heidi,Barcroft,9/12/2023,9321,37 Judy Circle,hbarcroftj2@scribd.com,27,59
true,Lissie,Dillaway,6/23/2023,76073,80 Fallview Crossing,ldillawayj3@samsung.com,15,518
true,Hedda,Sciacovelli,4/7/2024,67578,69000 Towne Way,hsciacovellij4@163.com,3,151
false,Flossi,Huc,3/5/2024,28560,8058 5th Park,fhucj5@trellian.com,35,143
false,Afton,Levesque,4/1/2024,11894,0 Express Road,alevesquej6@nih.gov,8,987
true,Crin,Whatford,8/15/2023,72690,769 Lindbergh Terrace,cwhatfordj7@hp.com,28,832
true,Alia,Maruska,4/15/2023,50598,41 Hovde Pass,amaruskaj8@joomla.org,33,269
true,Haily,Rohlfs,10/25/2023,34583,1 Hovde Center,hrohlfsj9@illinois.edu,12,888
false,Blondie,Cumberpatch,3/27/2024,80308,05520 Northland Way,bcumberpatchja@gov.uk,21,14
false,Kermit,Du Fray,7/13/2023,14697,5751 Sachtjen Lane,kdufrayjb@indiegogo.com,9,119
true,Clementia,Hallmark,7/23/2023,31659,3 Anthes Place,challmarkjc@sphinn.com,33,214
true,Madalyn,Jakubovitch,6/21/2023,19838,3 Graedel Trail,mjakubovitchjd@sphinn.com,22,756
false,Boony,Giraudel,8/30/2023,36013,8842 Sheridan Junction,bgiraudelje@cdbaby.com,16,240
false,Leisha,Bassingham,5/6/2023,77789,83 Stone Corner Parkway,lbassinghamjf@livejournal.com,11,932
true,Beverlie,Duffell,1/18/2024,40966,264 Clove Way,bduffelljg@drupal.org,26,407
false,Fiona,Foister,5/21/2023,51726,5 Crowley Place,ffoisterjh@uiuc.edu,6,285
false,Arlena,Seamarke,11/8/2023,87112,11163 Cardinal Way,aseamarkeji@friendfeed.com,30,205
false,Geoffrey,Stringer,2/26/2024,21312,580 Waxwing Junction,gstringerjj@github.com,36,933
true,Winston,Hancorn,4/12/2023,29953,8142 Erie Drive,whancornjk@posterous.com,1,686
true,Benny,Richold,3/9/2024,36536,92631 1st Pass,bricholdjl@lycos.com,28,458
false,Mattie,Wingham,2/3/2024,44779,07 Bonner Terrace,mwinghamjm@auda.org.au,34,409
true,Ardine,Dayton,11/16/2023,62834,177 Lindbergh Center,adaytonjn@angelfire.com,2,288
false,Nolan,Worsnup,7/6/2023,73017,77299 Di Loreto Point,nworsnupjo@tripod.com,20,598
true,Spence,Larchier,5/16/2023,75683,9912 Sutherland Alley,slarchierjp@cnn.com,5,821
false,Odette,Roote,1/17/2024,5577,1 Vidon Pass,orootejq@altervista.org,1,473
true,Nappy,Morehall,2/29/2024,90152,43317 Russell Crossing,nmorehalljr@oakley.com,22,199
false,Martita,Jewks,11/23/2023,30664,011 Sunbrook Trail,mjewksjs@wired.com,10,833
true,Ora,Letty,4/25/2023,65327,7 Esker Alley,olettyjt@google.cn,31,430
false,Euphemia,Martinets,2/9/2024,83214,86593 Clemons Drive,emartinetsju@digg.com,1,997
true,Anders,Rozenbaum,5/5/2023,64422,76327 Onsgard Way,arozenbaumjv@over-blog.com,16,584
true,Aurie,Francesco,3/14/2024,91538,8615 Dryden Circle,afrancescojw@sfgate.com,28,991
false,Marja,Jenne,6/20/2023,20545,75 Katie Place,mjennejx@un.org,11,876
false,Nichole,Littleproud,4/4/2024,58139,33235 Johnson Road,nlittleproudjy@auda.org.au,4,259
false,Rebeka,Elham,1/13/2024,62500,9992 Sugar Way,relhamjz@ftc.gov,2,456
false,Brant,Willimot,3/10/2024,67195,54 Petterle Terrace,bwillimotk0@desdev.cn,38,168
false,Marillin,Shevell,9/8/2023,12076,592 Twin Pines Junction,mshevellk1@360.cn,38,301
false,Thornton,Dysart,3/12/2024,5221,9 Mccormick Terrace,tdysartk2@goo.gl,13,230
false,Ario,Elliott,4/7/2024,11068,0 Swallow Parkway,aelliottk3@webnode.com,2,55
true,Audrey,Coast,1/27/2024,28573,211 Eastwood Place,acoastk4@eepurl.com,10,498
true,Jerri,Deveraux,8/7/2023,35030,2 Maple Pass,jdeverauxk5@opera.com,28,367
true,Garreth,Richardin,4/7/2024,40716,2644 Nobel Pass,grichardink6@quantcast.com,18,969
true,Berkley,Naisby,9/6/2023,91594,734 Golf View Center,bnaisbyk7@tumblr.com,24,502
false,Arvie,Firmager,12/26/2023,45285,173 Eastwood Center,afirmagerk8@senate.gov,12,662
true,Sibilla,Graveston,2/17/2024,18437,432 Stang Avenue,sgravestonk9@intel.com,16,504
false,Arman,Lundbech,4/28/2023,86050,124 Veith Way,alundbechka@latimes.com,37,377
true,Mollee,Allwell,7/29/2023,84781,20396 Mariners Cove Parkway,mallwellkb@cargocollective.com,3,692
true,Goldy,Erridge,4/19/2023,22517,66 Russell Park,gerridgekc@psu.edu,4,279
false,Abelard,Schoffel,8/10/2023,62222,6790 Kinsman Street,aschoffelkd@soup.io,27,216
true,Julee,Cannell,7/30/2023,81441,536 Monument Lane,jcannellke@mozilla.com,16,231
true,Ruddie,Habergham,3/31/2024,20989,672 Melby Crossing,rhaberghamkf@sbwire.com,11,5
true,Evelina,Tomkiss,7/26/2023,57037,58032 Tennessee Hill,etomkisskg@reddit.com,14,786
true,Chelsae,Senecaux,5/15/2023,44167,400 Weeping Birch Center,csenecauxkh@ftc.gov,6,730
false,Emmet,Mattocks,1/30/2024,46516,7359 Judy Crossing,emattockski@usa.gov,12,584
false,Nevsa,Chartres,6/25/2023,267,903 Glacier Hill Pass,nchartreskj@stumbleupon.com,25,750
false,Vincenz,Gawkes,10/24/2023,11295,78911 Sage Plaza,vgawkeskk@livejournal.com,12,911
true,Kristan,Holwell,12/8/2023,34749,5357 Donald Lane,kholwellkl@theglobeandmail.com,4,398
false,Janenna,Piatkowski,5/27/2023,37707,01 Lakewood Gardens Crossing,jpiatkowskikm@biblegateway.com,22,751
false,Byron,Otterwell,10/22/2023,92815,49541 Sachtjen Trail,botterwellkn@bandcamp.com,25,255
true,Cele,Lerigo,2/26/2024,29664,33 Fordem Trail,clerigoko@sitemeter.com,17,398
false,Adora,Meaden,5/14/2023,43061,4660 Elgar Way,ameadenkp@cbsnews.com,9,1000
false,Ginger,Corteis,5/31/2023,27361,03 Fallview Pass,gcorteiskq@woothemes.com,23,10
false,Julie,Ficken,10/1/2023,44852,02394 Gateway Plaza,jfickenkr@latimes.com,23,465
false,Antonio,Shorie,5/17/2023,45242,5688 Dapin Point,ashorieks@sciencedaily.com,34,558
false,Shannon,Bolden,4/27/2023,2875,6 Autumn Leaf Alley,sboldenkt@qq.com,25,890
true,Pierce,Beedham,8/31/2023,40283,64307 Grover Terrace,pbeedhamku@pbs.org,4,622
false,Joey,Gabriel,5/12/2023,67460,84020 Florence Road,jgabrielkv@nationalgeographic.com,40,834
false,Laird,Deex,11/28/2023,63341,076 International Alley,ldeexkw@nih.gov,26,683
false,Jannelle,McSparran,10/16/2023,9451,64 Surrey Drive,jmcsparrankx@wordpress.org,36,133
true,Charline,Monaghan,3/22/2024,99144,9 Elgar Court,cmonaghanky@blogs.com,9,756
true,Anderea,Dargie,10/13/2023,54339,31385 Corscot Parkway,adargiekz@businessweek.com,32,311
false,Markus,enzley,1/29/2024,89538,910 Gulseth Court,menzleyl0@skyrock.com,2,184
false,Carolann,Chisholm,10/11/2023,93636,21944 Colorado Road,cchisholml1@bbc.co.uk,20,7
true,Sonya,Fray,7/30/2023,59072,364 Oriole Crossing,sfrayl2@hhs.gov,6,702
false,Meris,Flipek,8/21/2023,18958,1 Pierstorff Point,mflipekl3@cbsnews.com,24,207
true,Jaquelyn,Haselgrove,3/7/2024,40992,43635 Knutson Alley,jhaselgrovel4@1688.com,3,668
false,Ebba,Hoggan,7/21/2023,34945,60 Harbort Park,ehogganl5@nydailynews.com,31,177
false,Callean,Leed,6/12/2023,19700,65142 Laurel Circle,cleedl6@gravatar.com,25,634
false,Findlay,Bilbrooke,2/24/2024,56269,6 Alpine Avenue,fbilbrookel7@patch.com,7,408
true,Kerwin,Shatliffe,2/7/2024,85109,004 Surrey Lane,kshatliffel8@tripod.com,18,216
false,Netti,Laible,10/13/2023,43710,4931 Moulton Place,nlaiblel9@guardian.co.uk,9,792
false,Hinze,Gantley,9/25/2023,41213,194 Macpherson Drive,hgantleyla@hc360.com,6,938
false,Wiley,Gritsaev,7/16/2023,26426,63 Colorado Alley,wgritsaevlb@mozilla.org,7,676
true,Gerladina,Brasener,12/5/2023,16055,03 Declaration Plaza,gbrasenerlc@liveinternet.ru,33,143
false,Janis,Dack,12/22/2023,42364,2 Tomscot Center,jdackld@springer.com,34,533
false,Larissa,MacGee,10/21/2023,77488,19938 Buena Vista Street,lmacgeele@ifeng.com,26,549
true,Roxane,Shearn,1/27/2024,25869,7 Independence Parkway,rshearnlf@is.gd,8,61
true,Krystyna,Redfern,7/19/2023,96808,266 Cambridge Street,kredfernlg@booking.com,1,239
true,Joshuah,Gehring,5/2/2023,93313,16015 Toban Lane,jgehringlh@gizmodo.com,4,687
false,Kingsly,Sacchetti,4/3/2024,74536,7 Tony Drive,ksacchettili@reuters.com,18,743
true,Edan,Goneau,4/4/2024,64797,4779 Hazelcrest Plaza,egoneaulj@g.co,35,471
true,Wilfred,Keig,8/26/2023,44947,2 Norway Maple Place,wkeiglk@stanford.edu,12,849
true,Lisbeth,Corselles,1/12/2024,27946,6628 Muir Junction,lcorsellesll@ocn.ne.jp,12,92
false,Evelyn,Sein,1/5/2024,59397,8034 Comanche Trail,eseinlm@utexas.edu,18,233
false,Sandi,Hambatch,12/7/2023,52851,4404 Scofield Junction,shambatchln@shutterfly.com,16,961
true,Broderick,Casa,11/18/2023,73014,2 Mockingbird Road,bcasalo@msu.edu,23,121
true,Tiphanie,Emblin,6/9/2023,15609,22800 Mockingbird Hill,temblinlp@home.pl,37,154
true,Wally,Siemons,3/5/2024,75219,29319 Bay Terrace,wsiemonslq@wordpress.com,20,456
true,Jobie,Pawnsford,9/14/2023,79017,28498 Heath Terrace,jpawnsfordlr@craigslist.org,15,852
false,Kelci,Jura,12/19/2023,70595,8 South Road,kjurals@scientificamerican.com,38,21
true,Sumner,Mumm,8/20/2023,79323,074 Bashford Trail,smummlt@dyndns.org,32,30
false,Adriana,MacLardie,9/6/2023,89934,34 Fremont Junction,amaclardielu@wix.com,23,122
false,Greer,Scotchford,1/31/2024,25030,811 Stone Corner Circle,gscotchfordlv@indiegogo.com,36,397
true,Tod,Scudder,2/4/2024,47795,08940 Everett Parkway,tscudderlw@youtube.com,38,558
false,Alexandro,Audsley,9/3/2023,71592,28662 Warbler Hill,aaudsleylx@europa.eu,21,940
false,Chrisse,Tomaskov,10/6/2023,79847,1 Havey Street,ctomaskovly@uiuc.edu,17,149
false,Magdaia,Albery,8/6/2023,48677,18 Di Loreto Point,malberylz@tmall.com,13,620
false,Siouxie,Tibbs,2/11/2024,34083,955 Golf Plaza,stibbsm0@drupal.org,11,660
true,Arri,Wonter,1/12/2024,95068,29 Longview Pass,awonterm1@odnoklassniki.ru,14,32
true,Moselle,Houtbie,2/22/2024,61737,7636 Eagan Terrace,mhoutbiem2@example.com,30,817
true,Leontyne,Goodricke,5/13/2023,81837,6275 Eastwood Center,lgoodrickem3@woothemes.com,22,276
true,Cosme,Letham,5/25/2023,98931,8489 Farmco Place,clethamm4@g.co,24,924
true,Rosy,Standage,9/23/2023,3694,1317 Northport Parkway,rstandagem5@pcworld.com,19,336
true,Erskine,Whipple,10/9/2023,96478,129 Farwell Road,ewhipplem6@bizjournals.com,24,954
true,Stanley,Gofton,6/29/2023,40677,4881 Sunfield Court,sgoftonm7@purevolume.com,28,944
false,Rosanne,Scoffham,5/28/2023,94122,11732 Vahlen Alley,rscoffhamm8@ucsd.edu,33,785
true,Jacquelyn,Garber,10/5/2023,20225,6882 Menomonie Pass,jgarberm9@usda.gov,38,567
false,Dulciana,Bitterton,9/16/2023,70310,74773 Gale Street,dbittertonma@cisco.com,34,235
false,Olivette,Sandbatch,7/27/2023,64227,5 Lakeland Circle,osandbatchmb@yale.edu,27,673
false,Alleyn,Bohl,11/15/2023,39281,13 Montana Way,abohlmc@gmpg.org,34,954
false,Mason,Leas,5/7/2023,20834,71 Vermont Court,mleasmd@home.pl,21,341
false,Arlyne,Wedlock,2/16/2024,589,764 Di Loreto Parkway,awedlockme@woothemes.com,10,503
true,Gearard,Kearn,7/30/2023,34059,7532 Algoma Avenue,gkearnmf@hatena.ne.jp,38,604
false,Gay,Coltart,8/1/2023,50248,16 Golden Leaf Way,gcoltartmg@yahoo.com,3,119
true,Broddy,Giffen,1/10/2024,29186,52471 Lillian Court,bgiffenmh@cargocollective.com,36,580
true,Mamie,Beckhouse,1/28/2024,17588,5305 Carey Alley,mbeckhousemi@google.com.au,7,677
false,Zsazsa,Jacobowits,4/15/2023,92890,6 Pennsylvania Trail,zjacobowitsmj@networkadvertising.org,11,57
false,Wyndham,Gouldstraw,5/15/2023,46395,213 Graceland Junction,wgouldstrawmk@cbslocal.com,33,228
true,Arin,Gonsalvo,6/21/2023,59829,1 Hoepker Terrace,agonsalvoml@mtv.com,4,484
false,Erminia,Aisthorpe,12/18/2023,15545,90518 Stephen Junction,eaisthorpemm@qq.com,39,298
true,Allys,Wheatland,9/6/2023,49532,796 Grover Plaza,awheatlandmn@mozilla.com,26,427
false,Johanna,Prinett,4/9/2023,2730,4 Sauthoff Street,jprinettmo@netvibes.com,39,967
true,Annette,Moynihan,9/16/2023,48472,6236 Heffernan Center,amoynihanmp@imageshack.us,33,406
true,Holt,Sutherns,12/13/2023,56504,040 Hovde Terrace,hsuthernsmq@wix.com,38,208
false,Clarissa,Doucette,7/26/2023,67962,17 Weeping Birch Court,cdoucettemr@imageshack.us,2,317
true,Kori,Gravestone,4/25/2023,62973,6119 Del Sol Circle,kgravestonems@vkontakte.ru,32,624
true,Sarine,Knowler,10/12/2023,8358,6 Lighthouse Bay Court,sknowlermt@opera.com,40,734
true,Abbot,De Domenicis,5/24/2023,72744,9 Talmadge Terrace,adedomenicismu@istockphoto.com,9,706
true,Wilone,Andrewartha,4/25/2023,8367,6470 Barby Hill,wandrewarthamv@uiuc.edu,7,749
true,Oren,Linner,9/18/2023,18331,1 Arkansas Lane,olinnermw@washington.edu,8,419
false,Mickie,Lenney,4/22/2023,91129,180 Bashford Center,mlenneymx@purevolume.com,9,215
true,Chevalier,Monan,10/15/2023,62495,3 Alpine Hill,cmonanmy@aol.com,5,5
true,Lovell,Budgey,9/18/2023,7752,45 Delaware Avenue,lbudgeymz@foxnews.com,31,871
true,Ardelia,Crucitti,6/11/2023,18861,6088 Spohn Pass,acrucittin0@upenn.edu,13,679
true,Skippie,Garroch,8/13/2023,6969,68825 Doe Crossing Plaza,sgarrochn1@zimbio.com,6,642
true,Berkley,Harmour,7/30/2023,32368,5894 Northport Terrace,bharmourn2@adobe.com,38,847
false,Mufi,Seczyk,7/5/2023,26880,1 Sheridan Parkway,mseczykn3@go.com,31,337
true,Ailyn,Sporner,12/24/2023,22108,8276 Loftsgordon Avenue,aspornern4@hatena.ne.jp,30,478
false,Drucill,Morsey,10/22/2023,65144,728 Banding Terrace,dmorseyn5@barnesandnoble.com,17,702
false,Joycelin,Jinkins,10/6/2023,50128,4 Graceland Hill,jjinkinsn6@wunderground.com,29,827
true,Babbie,Ciciura,10/12/2023,46010,3200 Bluestem Pass,bciciuran7@cyberchimps.com,8,598
false,Halimeda,Orts,4/23/2023,61341,051 Oak Valley Plaza,hortsn8@comcast.net,6,670
false,Marcie,Phillis,7/20/2023,82517,00282 Spohn Circle,mphillisn9@mediafire.com,23,303
true,Marlyn,Mantha,7/22/2023,8250,87 Continental Crossing,mmanthana@vinaora.com,4,117
false,Godart,Larking,2/19/2024,94507,943 Fairfield Plaza,glarkingnb@qq.com,3,942
true,Kerri,Habergham,2/16/2024,38456,01 Thierer Drive,khaberghamnc@multiply.com,32,662
true,Boigie,Ackeroyd,1/24/2024,87094,02 Jay Park,backeroydnd@msu.edu,38,740
true,Randi,Roswarn,8/30/2023,61226,213 Crownhardt Hill,rroswarnne@intel.com,2,196
false,Myrwyn,Cronk,7/28/2023,85263,3273 Gateway Avenue,mcronknf@devhub.com,14,315
true,Salvador,Darley,5/7/2023,12502,14095 Linden Plaza,sdarleyng@simplemachines.org,25,845
true,Troy,Kettleson,6/14/2023,87980,2137 Aberg Junction,tkettlesonnh@live.com,37,575
false,Bradford,Gumley,7/26/2023,61008,992 Manley Terrace,bgumleyni@oaic.gov.au,17,561
true,Laryssa,Ingall,2/6/2024,98245,57904 Mallory Crossing,lingallnj@reuters.com,13,961
false,Marcelle,Behnecke,9/12/2023,99880,323 Victoria Crossing,mbehneckenk@si.edu,38,352
false,Rafa,Pordal,5/24/2023,54483,509 Trailsway Street,rpordalnl@hexun.com,7,589
false,Norean,Coult,6/12/2023,36678,07820 Hooker Avenue,ncoultnm@umich.edu,10,25
false,Keriann,Catling,5/8/2023,29815,66907 Bultman Trail,kcatlingnn@ebay.co.uk,13,808
false,Francisco,Grieg,7/12/2023,27797,09183 Ohio Place,fgriegno@wisc.edu,5,945
false,Bryan,Josefowicz,8/11/2023,94077,253 Bunting Park,bjosefowicznp@theatlantic.com,2,200
true,Rosella,O'Corrin,8/22/2023,21937,71 Donald Road,rocorrinnq@yandex.ru,39,123
false,Hilde,Erskine,5/19/2023,78433,605 Ilene Place,herskinenr@blogtalkradio.com,6,589
false,Jacob,Von Helmholtz,4/12/2023,71701,5692 Brentwood Place,jvonhelmholtzns@skype.com,23,32
true,Humphrey,Pakeman,6/6/2023,82144,62 Pankratz Alley,hpakemannt@macromedia.com,6,570
true,Jeanie,Sommerfeld,3/28/2024,29428,97 Kedzie Alley,jsommerfeldnu@ocn.ne.jp,2,896
true,Aloysia,Kynan,4/11/2023,23634,8855 Namekagon Junction,akynannv@blogger.com,35,152
true,Sharia,Spurman,8/2/2023,69383,4488 Barnett Road,sspurmannw@yahoo.co.jp,35,495
true,Kitty,Doran,9/13/2023,25398,36 Victoria Parkway,kdorannx@engadget.com,25,710
false,Katti,Suermeier,1/2/2024,8850,73 Shelley Center,ksuermeierny@cpanel.net,12,949
false,Babbie,Kohn,5/12/2023,20226,94 Butternut Pass,bkohnnz@mashable.com,40,959
false,Beverlie,Melan,6/6/2023,13297,204 Southridge Lane,bmelano0@noaa.gov,16,900
false,Dinny,Lauritsen,5/25/2023,53535,436 Cardinal Avenue,dlauritseno1@tuttocitta.it,3,302
true,Lily,Franseco,4/14/2023,75668,2 Susan Lane,lfransecoo2@go.com,7,864
true,Garv,Trew,4/9/2023,53847,066 Dennis Avenue,gtrewo3@census.gov,12,230
false,Inessa,Goudy,7/26/2023,95587,3330 Veith Circle,igoudyo4@japanpost.jp,15,216
false,Bryn,La Grange,5/3/2023,92097,381 Nevada Parkway,blagrangeo5@paypal.com,10,18
true,Ulrikaumeko,McHugh,5/22/2023,32418,59987 South Place,umchugho6@taobao.com,26,426
false,Tabbitha,Thorsby,3/9/2024,7412,9310 Porter Avenue,tthorsbyo7@dyndns.org,25,109
false,Fin,Samter,8/14/2023,59127,3 Ronald Regan Pass,fsamtero8@zimbio.com,11,350
true,Merridie,McKevitt,11/26/2023,83217,6 Dorton Junction,mmckevitto9@odnoklassniki.ru,33,995
false,Siffre,Underwood,7/2/2023,79847,1702 Bultman Avenue,sunderwoodoa@blog.com,1,420
false,Clo,Witherden,7/12/2023,39692,4 Fair Oaks Park,cwitherdenob@spotify.com,24,801
false,Willetta,Benditt,4/24/2023,4506,4476 Katie Hill,wbendittoc@ehow.com,11,536
false,Janetta,Prahl,5/4/2023,2927,59488 Luster Lane,jprahlod@bbc.co.uk,29,595
true,Annora,Strotone,4/12/2023,38017,6682 Kipling Drive,astrotoneoe@wp.com,19,55
false,Tito,Putland,11/21/2023,67785,08 Grim Way,tputlandof@digg.com,34,243
true,Teresita,Backwell,4/7/2024,54571,42 Melby Pass,tbackwellog@latimes.com,33,648
false,Bern,Gyurkovics,11/1/2023,62663,8 Dunning Lane,bgyurkovicsoh@freewebs.com,30,259
false,Erminia,Caser,1/24/2024,32540,6 Emmet Crossing,ecaseroi@theglobeandmail.com,6,876
false,Hesther,MacCallester,12/24/2023,93354,3 Lindbergh Alley,hmaccallesteroj@upenn.edu,7,894
false,Tatiana,Dehn,12/22/2023,11636,4 Hanson Parkway,tdehnok@seesaa.net,19,229
false,Alysia,Matovic,9/24/2023,92238,09 Kim Parkway,amatovicol@cbsnews.com,33,746
false,Lavena,Hallard,8/5/2023,32210,234 Kim Lane,lhallardom@eventbrite.com,16,79
true,Nessa,Neiland,11/16/2023,60744,0890 Del Mar Parkway,nneilandon@wordpress.org,20,123
false,Estrella,Shoulders,11/14/2023,62960,58818 Debra Pass,eshouldersoo@craigslist.org,20,546
true,Maryjo,Lappine,6/2/2023,20559,1 Parkside Avenue,mlappineop@google.pl,23,179
true,Freeland,McSkeagan,3/23/2024,4076,713 Forest Plaza,fmcskeaganoq@trellian.com,31,817
false,Roseanna,Wonham,10/11/2023,21680,94 Burning Wood Parkway,rwonhamor@123-reg.co.uk,6,943
false,Edmund,Cowely,6/13/2023,84734,26463 Weeping Birch Way,ecowelyos@symantec.com,15,485
false,Timotheus,Limpenny,3/5/2024,74351,6931 Schlimgen Crossing,tlimpennyot@skype.com,1,970
true,Christopher,Elacoate,9/5/2023,98971,586 Washington Plaza,celacoateou@go.com,7,339
true,Chicky,Eary,4/28/2023,24957,05759 Hayes Avenue,cearyov@g.co,39,892
true,Gal,Wickling,11/5/2023,66767,8945 Bultman Plaza,gwicklingow@va.gov,25,973
false,Laural,Nichols,7/16/2023,65045,405 Bunker Hill Point,lnicholsox@jigsy.com,3,992
false,Mei,Swithenby,11/7/2023,60616,8 Namekagon Way,mswithenbyoy@facebook.com,27,117
true,Batsheva,Leare,7/25/2023,77142,28171 Melody Way,bleareoz@people.com.cn,1,554
true,Zebulon,Ford,11/10/2023,70556,4 Jay Center,zfordp0@cisco.com,22,21
false,Barbabas,Ox,2/18/2024,8712,8 Northport Road,boxp1@phpbb.com,35,695
false,Car,Anear,11/30/2023,13234,78158 Thierer Circle,canearp2@istockphoto.com,13,829
false,Neils,Pechacek,5/22/2023,70913,9 Randy Crossing,npechacekp3@google.co.jp,32,161
true,Kalindi,Bowlas,1/12/2024,53330,13 Park Meadow Trail,kbowlasp4@paypal.com,29,651
false,Chen,Jiras,3/29/2024,53163,8 Holmberg Terrace,cjirasp5@pcworld.com,30,121
true,Connie,Dobeson,3/13/2024,50908,05 Eagle Crest Park,cdobesonp6@wikia.com,20,556
true,Orran,Huntingdon,10/12/2023,27391,4 Westport Avenue,ohuntingdonp7@surveymonkey.com,24,22
false,Leisha,Nichol,8/15/2023,55558,40668 Vermont Drive,lnicholp8@gnu.org,38,598
true,Allene,Bowdery,1/6/2024,76393,037 Mockingbird Pass,abowderyp9@cdc.gov,26,821
true,Junia,McGuggy,5/25/2023,27814,4393 Westridge Alley,jmcguggypa@google.ca,10,933
false,Layton,Wickenden,12/11/2023,89521,46 Holy Cross Crossing,lwickendenpb@hhs.gov,17,552
true,David,Mcsarry,2/2/2024,90758,38 8th Point,dmcsarrypc@google.cn,39,960
true,Johnnie,Micklewicz,4/25/2023,71006,0223 Kipling Pass,jmicklewiczpd@unblog.fr,31,287
true,Lizzie,Hoyland,10/11/2023,12361,08456 Red Cloud Alley,lhoylandpe@huffingtonpost.com,27,324
false,Cassius,Swaddle,1/6/2024,51469,17146 Southridge Hill,cswaddlepf@phpbb.com,22,380
false,Asia,Byfield,2/4/2024,79297,95 Hollow Ridge Place,abyfieldpg@geocities.jp,4,541
true,Forster,Schach,10/21/2023,46394,36 Shasta Court,fschachph@msu.edu,12,542
false,Frederigo,Swindells,7/18/2023,9214,5636 New Castle Pass,fswindellspi@phoca.cz,20,481
true,Winna,Holberry,11/23/2023,40219,34 Harper Hill,wholberrypj@census.gov,28,626
false,Denice,Reschke,1/3/2024,13176,0 Welch Crossing,dreschkepk@wix.com,14,281
true,Stace,Poe,12/28/2023,12855,65605 Utah Drive,spoepl@jigsy.com,28,509
false,Merrile,Ganley,9/2/2023,85154,45100 Welch Terrace,mganleypm@eventbrite.com,28,33
true,Moreen,McGhie,7/1/2023,14343,5 Ronald Regan Lane,mmcghiepn@pinterest.com,29,496
false,Jenifer,Pomroy,4/23/2023,93167,4837 Lillian Lane,jpomroypo@unicef.org,39,845
false,Gordon,Piffe,12/7/2023,4646,857 Vera Pass,gpiffepp@blog.com,22,31
true,Charmaine,Shuttell,9/1/2023,95925,2 Tomscot Circle,cshuttellpq@yahoo.co.jp,16,906
false,Renate,Tacker,11/3/2023,54982,5014 Starling Lane,rtackerpr@tuttocitta.it,1,934
false,Hobey,Sudron,7/14/2023,42513,15366 Hauk Point,hsudronps@vimeo.com,12,365
false,Natalee,McLarty,3/9/2024,57464,8254 Delladonna Street,nmclartypt@washington.edu,33,618
true,Shermy,Locarno,10/8/2023,21655,2865 Graceland Trail,slocarnopu@forbes.com,11,39
true,Flor,Aisman,6/1/2023,88864,12132 Vernon Terrace,faismanpv@imdb.com,26,50
true,Enrichetta,Meryett,10/4/2023,73,7757 Kipling Drive,emeryettpw@ustream.tv,3,879
false,Hayden,Alster,9/3/2023,48736,21 Sunbrook Plaza,halsterpx@baidu.com,8,785
true,Harlie,Ick,7/6/2023,32997,88724 School Park,hickpy@cdbaby.com,31,797
true,Nikita,Gewer,6/4/2023,78875,261 Grover Center,ngewerpz@ocn.ne.jp,33,358
false,Brooks,Twitchett,9/25/2023,40830,14 Hollow Ridge Road,btwitchettq0@parallels.com,37,706
false,Merna,Cutmore,2/28/2024,32520,90 Boyd Hill,mcutmoreq1@epa.gov,30,137
false,Farly,Crake,4/25/2023,80697,22891 Ronald Regan Place,fcrakeq2@bandcamp.com,18,463
true,Stacee,Veltmann,9/16/2023,67971,30970 Banding Lane,sveltmannq3@ucoz.com,21,265
true,Nance,Formoy,3/15/2024,9080,7 Rowland Lane,nformoyq4@plala.or.jp,29,21
true,Michal,Twyning,8/3/2023,88151,0968 Dorton Parkway,mtwyningq5@bizjournals.com,38,49
false,Arabela,Panther,12/22/2023,33150,8917 Buhler Court,apantherq6@telegraph.co.uk,2,950
true,Baxy,Yitshak,1/5/2024,89299,79820 Westend Road,byitshakq7@craigslist.org,1,417
true,Goldy,Legen,12/30/2023,43891,36 Basil Circle,glegenq8@devhub.com,33,518
false,Marcelline,Philpotts,1/17/2024,21861,56 Little Fleur Park,mphilpottsq9@ucsd.edu,18,190
false,Doll,Halbard,3/24/2024,82403,950 Dexter Circle,dhalbardqa@ted.com,20,723
false,Kylila,Findon,1/19/2024,55793,396 Tomscot Court,kfindonqb@bbc.co.uk,23,594
true,Salome,Hastie,11/19/2023,64833,15 Ruskin Hill,shastieqc@xing.com,4,227
false,Thedric,Vinden,5/2/2023,3986,07103 Transport Place,tvindenqd@nhs.uk,4,375
true,Raymond,Garthland,1/18/2024,10469,23 Maywood Way,rgarthlandqe@imdb.com,1,569
true,Alexandro,Inett,7/30/2023,26874,0 Texas Avenue,ainettqf@nbcnews.com,33,141
false,Edee,Heino,1/21/2024,65755,5 Eagle Crest Road,eheinoqg@biblegateway.com,21,626
true,Jerrine,D'Oyly,8/2/2023,84522,95967 Northridge Circle,jdoylyqh@purevolume.com,10,158
true,Alexia,Boskell,5/5/2023,75670,9344 Huxley Terrace,aboskellqi@purevolume.com,40,307
false,Verina,Varsey,12/23/2023,56342,3 Cambridge Circle,vvarseyqj@narod.ru,29,427
false,Cristina,Choak,7/27/2023,72543,31 Milwaukee Way,cchoakqk@globo.com,20,438
true,Steward,Dunkerley,7/4/2023,927,088 Larry Lane,sdunkerleyql@indiatimes.com,40,651
true,Langsdon,O'Corr,9/29/2023,60065,8 Susan Point,locorrqm@reddit.com,11,959
true,Fielding,Castellaccio,4/1/2024,48454,6699 Cottonwood Terrace,fcastellaccioqn@army.mil,23,841
true,Clarine,Massingberd,11/22/2023,94230,8268 Cody Parkway,cmassingberdqo@ihg.com,27,883
true,Herve,Gerdes,11/17/2023,51669,82 Norway Maple Plaza,hgerdesqp@plala.or.jp,37,779
false,Ruttger,Haquin,4/27/2023,94046,1 Evergreen Pass,rhaquinqq@skyrock.com,26,626
true,Roxanne,Bendix,2/4/2024,17017,663 Elka Park,rbendixqr@infoseek.co.jp,33,924
false,Nataniel,Code,8/11/2023,41502,6855 Kropf Place,ncodeqs@wufoo.com,17,57
true,Shauna,Ivashkin,1/18/2024,10532,76677 Farragut Way,sivashkinqt@miitbeian.gov.cn,7,73
true,Dud,Lafuente,7/21/2023,30938,6 Mallory Center,dlafuentequ@ustream.tv,37,258
false,Emelda,Bicker,7/1/2023,7818,130 Miller Street,ebickerqv@bravesites.com,15,274
false,Alain,Brahams,10/21/2023,71954,2584 Stang Point,abrahamsqw@salon.com,19,524
true,Christa,Grishmanov,4/30/2023,4483,8418 Burrows Avenue,cgrishmanovqx@thetimes.co.uk,30,921
false,Larine,Osgar,1/6/2024,84951,743 Vahlen Court,losgarqy@sun.com,28,203
true,Nike,Treadwell,12/18/2023,3261,559 Merrick Way,ntreadwellqz@flavors.me,16,379
true,Tandi,Kebell,9/16/2023,74039,96 Ridgeview Trail,tkebellr0@smugmug.com,4,672
false,Husain,Iannelli,9/10/2023,74468,135 Nevada Trail,hiannellir1@soundcloud.com,36,92
false,Spence,Pierro,12/28/2023,12622,48 Longview Center,spierror2@indiegogo.com,27,199
false,Ford,Cattlow,5/23/2023,10720,53551 Anhalt Lane,fcattlowr3@who.int,12,791
false,Hamnet,Berringer,11/1/2023,93680,83 Superior Circle,hberringerr4@yahoo.com,1,746
false,Dani,Manley,7/25/2023,33202,87746 Banding Road,dmanleyr5@foxnews.com,38,50
false,Zilvia,Barker,6/17/2023,9688,9882 Warrior Park,zbarkerr6@multiply.com,26,408
true,Guido,Tight,12/21/2023,72930,044 Nancy Road,gtightr7@ca.gov,31,403
false,Penny,Oley,11/19/2023,30372,89879 Manley Trail,poleyr8@yellowpages.com,12,257
false,Tabbatha,Hedling,8/2/2023,89328,22 Fordem Parkway,thedlingr9@umich.edu,13,403
true,Meryl,Harroway,9/15/2023,92824,5 Southridge Parkway,mharrowayra@webnode.com,26,529
true,Brear,Kunkler,2/10/2024,9611,38272 Grim Parkway,bkunklerrb@ocn.ne.jp,39,15
false,Gwenny,Joblin,1/30/2024,22796,7375 Talmadge Circle,gjoblinrc@elegantthemes.com,5,999
false,Abby,Bernardotte,1/26/2024,49222,3 Red Cloud Way,abernardotterd@columbia.edu,25,728
false,Rebecka,Kadwallider,7/17/2023,9825,9111 Ruskin Hill,rkadwalliderre@mysql.com,11,63
true,Lara,Tremble,5/24/2023,5182,0 Mesta Court,ltremblerf@china.com.cn,26,103
true,Mikel,Leel,6/21/2023,48299,0260 Pennsylvania Parkway,mleelrg@hud.gov,7,183
false,Zane,Rainton,4/20/2023,72487,52 Truax Park,zraintonrh@digg.com,39,642
true,Amby,Elsie,6/8/2023,58127,0 Melrose Plaza,aelsieri@dell.com,22,459
true,Norean,Ambresin,6/5/2023,10145,9033 Eastlawn Way,nambresinrj@kickstarter.com,14,129
false,Laurene,Bridat,3/16/2024,19490,1 Pierstorff Road,lbridatrk@jiathis.com,9,379
true,Chad,Sarney,4/14/2023,34951,640 Tennessee Road,csarneyrl@uol.com.br,35,213
false,Dore,Bergeau,4/5/2024,16980,10516 Village Court,dbergeaurm@linkedin.com,5,467
false,Hazel,Seaward,12/29/2023,8664,47057 Park Meadow Court,hseawardrn@list-manage.com,11,658
false,Charmaine,Itschakov,7/12/2023,17616,39 Comanche Alley,citschakovro@taobao.com,13,784
false,Garv,Gell,9/4/2023,67530,689 Banding Center,ggellrp@technorati.com,39,501
false,Dorolisa,Macconaghy,10/11/2023,42633,5 School Alley,dmacconaghyrq@w3.org,24,295
true,Emmalynn,Forsdike,2/1/2024,93891,2239 Eastlawn Parkway,eforsdikerr@craigslist.org,10,311
