firstName,lastName,phone_number,address,email,hoursVolunteeredWeekly,volunteerID
Cully,Van Son,241-617-2198,65425 Corben Street,cvanson0@prnewswire.com,14,179
Beryle,Domengue,286-472-4490,78200 Chinook Crossing,bdomengue1@free.fr,18,740
Nickolas,Fores,948-831-9690,44863 Stoughton Court,nfores2@desdev.cn,37,293
Mitchel,Ferrarotti,582-140-2278,2559 Sugar Drive,mferrarotti3@stanford.edu,39,129
Dee dee,Storr,524-534-2399,4 Washington Center,dstorr4@berkeley.edu,23,515
Aubrette,Shulver,582-866-1765,6 Riverside Court,ashulver5@soup.io,33,961
Guenevere,Thistleton,119-404-7421,426 Bonner Crossing,gthistleton6@skyrock.com,7,336
Toinette,Minci,891-849-2055,08806 Bunker Hill Park,tminci7@telegraph.co.uk,22,37
Vikky,Aulds,349-425-5777,8666 Annamark Hill,vaulds8@nhs.uk,29,835
Celestina,Attreed,191-949-9571,21 Carpenter Plaza,cattreed9@smugmug.com,28,736
Genni,Rupel,291-351-8915,2081 Golf Course Court,grupela@toplist.cz,5,152
Harlin,Brownbill,213-348-4917,26626 Crowley Place,hbrownbillb@irs.gov,19,852
Mufi,Cawdell,513-292-4021,944 Mitchell Center,mcawdellc@discuz.net,38,380
Jessy,Mangam,408-795-3423,4 Bultman Way,jmangamd@angelfire.com,9,632
Kingston,Greenlies,883-482-7700,80731 Victoria Road,kgreenliese@fc2.com,5,597
Zuzana,Benford,352-953-1846,085 Susan Terrace,zbenfordf@bravesites.com,16,61
Leelah,Crilley,423-796-4483,9188 Arapahoe Hill,lcrilleyg@artisteer.com,5,179
Pearl,Roglieri,240-942-3869,77316 Scofield Point,proglierih@creativecommons.org,7,726
Roderigo,Etienne,312-607-2566,9 Caliangt Crossing,retiennei@gravatar.com,9,481
Dominique,Rozea,307-510-1437,7 Summerview Hill,drozeaj@gnu.org,2,772
Lelah,Syversen,628-151-5135,8 Browning Drive,lsyversenk@photobucket.com,38,688
Fax,O'Currine,679-917-3292,17553 Heffernan Street,focurrinel@ezinearticles.com,18,553
Gweneth,Mosdall,652-446-8116,1 Larry Point,gmosdallm@opera.com,40,507
Willamina,Spear,930-279-2392,679 Knutson Terrace,wspearn@oracle.com,18,214
Joly,Aymeric,482-220-5148,1 Bultman Way,jaymerico@ihg.com,5,807
Darnall,Plampeyn,683-268-2932,25 Hoepker Street,dplampeynp@dot.gov,10,255
Beckie,Langstrath,150-437-8359,93990 Fremont Court,blangstrathq@cargocollective.com,18,916
Sharla,Dwerryhouse,100-909-0607,5 Hauk Way,sdwerryhouser@wufoo.com,39,319
Jonell,Bulstrode,458-689-5514,2002 Basil Avenue,jbulstrodes@goo.ne.jp,17,513
Randa,Stirton,851-602-8074,4751 Waubesa Avenue,rstirtont@netscape.com,10,846
Sonnie,Vakhonin,459-492-9199,6823 Caliangt Parkway,svakhoninu@archive.org,21,901
Byron,Roseburgh,899-260-4715,08577 Village Court,broseburghv@oakley.com,38,9
Muffin,Gonning,702-640-6129,632 Golf Course Alley,mgonningw@wired.com,24,721
Jo-ann,Chazelle,867-460-4016,75 Farwell Place,jchazellex@furl.net,13,716
Oriana,Ainsbury,942-919-2283,760 Union Lane,oainsburyy@theglobeandmail.com,39,67
Michael,O'Tuohy,274-317-0280,424 Caliangt Alley,motuohyz@slashdot.org,32,825
Harmonie,Maskew,318-899-1266,73093 Portage Trail,hmaskew10@symantec.com,3,990
Melina,Juste,198-314-4458,8388 International Avenue,mjuste11@elpais.com,27,21
Delainey,Urwin,539-581-2118,3627 Jay Point,durwin12@bigcartel.com,3,150
Erv,Houseman,347-640-5590,0805 Ramsey Point,ehouseman13@biglobe.ne.jp,24,255
Tony,Chapier,651-319-5260,74 Surrey Terrace,tchapier14@ft.com,4,372
Kendrick,Codman,295-155-9282,149 Carioca Pass,kcodman15@ted.com,21,342
Bibby,Seavers,984-402-1632,3 Lien Center,bseavers16@biglobe.ne.jp,9,838
Winfred,Ellingsworth,179-287-8423,5 Bultman Junction,wellingsworth17@elpais.com,38,20
Leona,Farebrother,371-683-5325,7399 Cordelia Hill,lfarebrother18@ebay.com,38,810
Crista,Navarijo,304-836-1740,4808 Lindbergh Alley,cnavarijo19@ezinearticles.com,6,847
Ysabel,Vautin,216-786-2321,97768 Old Gate Road,yvautin1a@yelp.com,24,712
Willie,Winckles,796-831-7645,9855 Arapahoe Road,wwinckles1b@cocolog-nifty.com,31,142
Corbie,Spriggen,873-766-9098,2081 Doe Crossing Parkway,cspriggen1c@zdnet.com,39,334
Derrik,Klaff,213-361-3806,1296 Sullivan Circle,dklaff1d@wired.com,30,687
Jaclin,Mirrlees,919-610-5682,44 Hermina Center,jmirrlees1e@spiegel.de,7,164
Ursola,Strathearn,382-188-8963,017 Rockefeller Point,ustrathearn1f@facebook.com,23,65
Amelita,Sidwick,993-599-1062,3 Mcguire Hill,asidwick1g@nsw.gov.au,9,31
Maximilien,Jumont,195-773-6986,6993 Kinsman Way,mjumont1h@berkeley.edu,20,668
Mohammed,Critchlow,511-409-7346,539 Dennis Center,mcritchlow1i@indiatimes.com,27,275
Zoe,Wase,824-773-7594,35400 Moland Parkway,zwase1j@ucoz.com,19,132
Kenna,McClounan,470-230-7443,72 Dorton Point,kmcclounan1k@admin.ch,1,418
Tome,Arran,474-709-9538,04815 Norway Maple Crossing,tarran1l@chicagotribune.com,15,748
Joli,Osselton,197-174-1135,998 Summit Road,josselton1m@nyu.edu,22,84
Lesley,Tabourel,149-593-1624,71 Reindahl Junction,ltabourel1n@tripadvisor.com,25,354
Nil,Terbrugge,701-640-7528,04 Huxley Junction,nterbrugge1o@topsy.com,7,865
Peggi,Kuschel,326-918-1013,7948 Lukken Trail,pkuschel1p@google.ca,22,277
Constantina,Hotson,949-713-8811,0830 Montana Plaza,chotson1q@last.fm,5,321
Flin,Mungham,558-390-3905,82802 Rowland Street,fmungham1r@angelfire.com,14,698
Stacia,Eskrigg,702-634-4614,52 Manley Place,seskrigg1s@prlog.org,15,989
Valentin,Irwin,159-534-4518,500 Dottie Plaza,virwin1t@youtu.be,32,911
Linell,Kardos-Stowe,316-816-1963,5 Mccormick Parkway,lkardosstowe1u@google.com.hk,23,19
Sibbie,Farrah,732-312-0798,16720 Melody Pass,sfarrah1v@a8.net,34,598
Warner,Charlwood,565-211-4523,981 Grover Lane,wcharlwood1w@nbcnews.com,29,717
Immanuel,Hindsberg,104-555-2295,3575 Rutledge Terrace,ihindsberg1x@accuweather.com,34,618
Saudra,Vaudrey,406-689-7991,07148 Macpherson Street,svaudrey1y@mediafire.com,12,350
Bevon,Nisuis,383-486-5605,28 Gerald Hill,bnisuis1z@ehow.com,15,300
Khalil,Brennon,262-139-9165,73105 Texas Terrace,kbrennon20@oakley.com,4,490
Jessalin,Orhtmann,955-613-8800,0368 Shoshone Alley,jorhtmann21@guardian.co.uk,37,691
Jemmy,Heugel,587-241-9572,38158 Lunder Plaza,jheugel22@sbwire.com,18,538
Belva,Ripping,545-650-7911,171 Mariners Cove Alley,bripping23@msn.com,14,536
Sibyl,Surtees,253-789-0270,15 International Circle,ssurtees24@blogs.com,31,148
Graeme,Dy,545-928-1358,6 Stephen Crossing,gdy25@dropbox.com,34,486
Blondell,Rigden,786-622-3020,295 7th Pass,brigden26@marriott.com,2,652
Patsy,Waggatt,199-303-4002,3284 Donald Alley,pwaggatt27@1und1.de,6,248
Granville,Allport,759-786-8731,940 Eagan Hill,gallport28@kickstarter.com,35,282
Chastity,Umpleby,161-907-8880,7737 Granby Junction,cumpleby29@skype.com,29,864
Faina,Woodson,458-170-2106,49 Marquette Lane,fwoodson2a@wufoo.com,1,327
Bab,Pellamonuten,381-849-7036,01 Hanover Way,bpellamonuten2b@epa.gov,29,371
Trish,Gillham,489-940-6654,34720 Kings Terrace,tgillham2c@dyndns.org,13,679
Belia,Fowgies,297-530-0502,117 Corscot Circle,bfowgies2d@seesaa.net,14,673
Winni,Hefferan,529-185-4544,4 Main Point,whefferan2e@hud.gov,37,662
Evyn,Phin,422-489-8874,92427 Red Cloud Parkway,ephin2f@tmall.com,16,719
Christa,Ballin,510-123-5781,808 Mallard Lane,cballin2g@bbc.co.uk,3,540
Sherwood,Spottiswood,953-153-9118,3 Schlimgen Court,sspottiswood2h@prnewswire.com,12,830
Avivah,Tydeman,422-168-0500,3606 Gina Road,atydeman2i@desdev.cn,14,807
Izabel,Heritege,743-463-8680,4 Loeprich Street,iheritege2j@infoseek.co.jp,17,221
Mirella,Ivoshin,718-682-5268,66937 Dakota Parkway,mivoshin2k@discuz.net,27,66
Nollie,Stot,984-407-3407,20005 Nancy Pass,nstot2l@dropbox.com,18,594
Pablo,Godfree,442-381-5848,62144 Tennyson Pass,pgodfree2m@shutterfly.com,13,251
Ogdon,Doudney,109-910-5441,0 Debra Trail,odoudney2n@japanpost.jp,5,437
Xerxes,Mouan,487-993-0915,74783 Twin Pines Trail,xmouan2o@soup.io,30,961
Moshe,Ebbin,604-937-6340,93 Mitchell Court,mebbin2p@yahoo.com,25,5
Hannah,Asher,740-802-7921,43 Crowley Hill,hasher2q@domainmarket.com,31,188
Mattie,Dowdell,813-791-9248,9062 Anniversary Circle,mdowdell2r@wikimedia.org,34,501
Virge,Ridgers,342-535-9532,8 Eagle Crest Trail,vridgers2s@etsy.com,39,547
Julia,Bosman,433-372-3872,262 Forest Run Court,jbosman2t@reverbnation.com,3,151
Mortimer,Fawckner,553-900-3445,357 Springs Alley,mfawckner2u@webs.com,28,410
Chick,Stammirs,314-281-2843,86159 Michigan Trail,cstammirs2v@nydailynews.com,20,501
Boyd,Gislebert,502-136-4346,217 Daystar Crossing,bgislebert2w@example.com,40,617
Daria,Chismon,545-972-3818,176 Cascade Parkway,dchismon2x@eepurl.com,19,870
Gerardo,Grinston,989-742-1398,6452 Schmedeman Circle,ggrinston2y@amazonaws.com,32,818
Clare,Mansel,602-829-9006,63 Dakota Street,cmansel2z@weather.com,4,184
Atlante,Tudhope,736-603-8348,4 Gateway Road,atudhope30@free.fr,31,366
Francene,Jayme,629-147-8845,81799 Spaight Place,fjayme31@last.fm,36,812
Vivyan,Whear,679-926-7130,523 Brown Parkway,vwhear32@bravesites.com,33,18
Mildred,Vernall,691-214-3824,13 Fallview Point,mvernall33@edublogs.org,17,980
Celinka,Kamena,720-636-6830,3 Lunder Hill,ckamena34@php.net,12,689
Keelby,Scedall,654-435-5692,8394 Miller Plaza,kscedall35@walmart.com,24,916
Rickert,Bresnahan,217-716-5448,30 Farragut Hill,rbresnahan36@mlb.com,31,967
Aleece,Ffoulkes,647-447-8134,52374 Elmside Lane,affoulkes37@seesaa.net,19,894
Guilbert,Moorhouse,387-702-8775,1 Cherokee Point,gmoorhouse38@wikipedia.org,25,945
Marve,Napleton,655-294-2091,07 Rusk Lane,mnapleton39@a8.net,27,694
Bobette,Vescovini,468-462-5543,523 Lindbergh Parkway,bvescovini3a@hostgator.com,8,535
Paquito,Bowie,814-950-4702,7 Bobwhite Place,pbowie3b@yellowbook.com,7,953
Andromache,Basili,830-270-4219,128 Manley Alley,abasili3c@usda.gov,19,168
Vicky,Keyte,504-242-4101,746 Quincy Park,vkeyte3d@netlog.com,26,212
Cassie,Sikorsky,126-448-4683,8883 Debra Avenue,csikorsky3e@chronoengine.com,22,977
Ange,Botterman,952-279-3654,1 Mcguire Trail,abotterman3f@fotki.com,23,371
Troy,Collough,227-906-7816,567 Bultman Avenue,tcollough3g@stanford.edu,15,992
Ashlie,Santry,679-536-3646,8868 Everett Junction,asantry3h@tmall.com,3,804
Dyana,Bridson,368-566-0956,8942 Arapahoe Trail,dbridson3i@cbslocal.com,6,235
Ingmar,Teager,745-996-7781,91 Chinook Street,iteager3j@nhs.uk,8,383
Fran,Scothorn,745-552-8702,69034 Longview Pass,fscothorn3k@usgs.gov,12,595
Rubin,Shearwood,268-367-5112,918 Weeping Birch Avenue,rshearwood3l@lycos.com,11,749
Alexandra,Sodory,435-982-8828,17 Derek Junction,asodory3m@reference.com,35,307
Raynor,Lombardo,405-346-5892,3 Sommers Junction,rlombardo3n@gizmodo.com,14,625
Jud,Morgue,269-840-8661,91 Morrow Lane,jmorgue3o@cocolog-nifty.com,24,322
Rachel,Hruska,678-487-9441,6 Dunning Trail,rhruska3p@gravatar.com,8,67
Gawain,De Bruyn,131-737-8925,9101 Cascade Road,gdebruyn3q@pen.io,25,991
Norah,Jodrellec,903-163-2659,737 Stone Corner Parkway,njodrellec3r@blinklist.com,38,556
Pat,Roofe,167-958-3255,96071 Cherokee Court,proofe3s@usatoday.com,29,855
Amaleta,Harget,882-689-9690,4659 Dwight Plaza,aharget3t@topsy.com,33,135
Melloney,Conechie,346-259-6501,83 Blaine Drive,mconechie3u@bbb.org,19,733
Aubry,Beeson,509-695-0411,6845 Hallows Way,abeeson3v@wikipedia.org,24,266
Deeyn,McLenaghan,863-312-6968,87848 Moulton Point,dmclenaghan3w@narod.ru,34,927
Judye,Hackney,152-434-6034,83 Sunnyside Hill,jhackney3x@theatlantic.com,38,406
Leese,Mechem,807-511-8824,46 Bluejay Alley,lmechem3y@craigslist.org,16,837
Celisse,Stanbridge,647-936-8301,85640 Lillian Pass,cstanbridge3z@yahoo.com,12,344
Junia,Biasini,912-570-1173,05410 Iowa Drive,jbiasini40@wikispaces.com,29,644
Ignace,Sansome,662-754-5090,14 Sunnyside Center,isansome41@people.com.cn,34,511
Caroljean,Newstead,468-399-8956,74220 7th Hill,cnewstead42@hhs.gov,6,436
Lindsay,Mattaser,920-440-9834,5255 Holmberg Trail,lmattaser43@angelfire.com,21,14
Brear,Game,918-378-5152,70 Bultman Lane,bgame44@miibeian.gov.cn,9,365
Dena,Dowdeswell,613-272-9824,9230 Macpherson Road,ddowdeswell45@discovery.com,24,537
Clemmie,Cogar,168-380-3271,27 Muir Point,ccogar46@globo.com,38,242
Orelie,Pie,135-217-4941,15 Bonner Hill,opie47@purevolume.com,33,10
Brandais,Saveall,481-187-6991,5 Little Fleur Place,bsaveall48@japanpost.jp,32,294
Hamil,Blasik,122-607-0100,971 Montana Junction,hblasik49@unc.edu,9,283
Lee,Philbrick,646-395-6632,65 Forest Run Alley,lphilbrick4a@umich.edu,13,770
Doralyn,Grasha,508-479-6194,404 Basil Park,dgrasha4b@home.pl,15,234
Hilario,Cawthery,571-322-1657,7 Valley Edge Place,hcawthery4c@hibu.com,7,22
Lin,Tregidgo,247-395-5119,0619 Doe Crossing Parkway,ltregidgo4d@businesswire.com,18,673
Shaylyn,Swindells,371-348-7350,4155 Maple Wood Alley,sswindells4e@economist.com,38,403
Hildagarde,Idwal Evans,562-663-5721,013 Ilene Lane,hidwalevans4f@cargocollective.com,38,989
Danyelle,Gotch,895-281-5247,7 Little Fleur Way,dgotch4g@google.fr,18,10
Bernarr,Steven,918-163-5179,86 Helena Trail,bsteven4h@psu.edu,19,145
Glyn,Stolberg,422-681-3534,22315 Fisk Plaza,gstolberg4i@google.co.uk,37,711
Babara,Jamson,395-104-3605,94320 Burning Wood Street,bjamson4j@hatena.ne.jp,22,712
Audrye,Grange,163-434-3695,3 Hooker Court,agrange4k@wiley.com,28,770
Sharl,Windas,743-484-8356,32 Lien Terrace,swindas4l@sphinn.com,5,378
Juliana,MacKerley,547-110-7259,325 Meadow Ridge Alley,jmackerley4m@liveinternet.ru,6,523
Rab,Cryer,767-621-7058,64441 Merry Court,rcryer4n@edublogs.org,28,324
Sher,Twamley,227-459-3661,75 Nancy Court,stwamley4o@arizona.edu,38,651
Edgard,Carberry,583-380-7197,1836 Acker Way,ecarberry4p@dmoz.org,12,990
Happy,Kynoch,179-425-6058,2 Graceland Parkway,hkynoch4q@weebly.com,30,288
Terri-jo,Legrave,114-365-1365,648 Meadow Valley Point,tlegrave4r@trellian.com,39,231
Winslow,Moorfield,244-849-6332,2 Esch Drive,wmoorfield4s@51.la,17,233
Stella,Zimek,786-144-9905,7 Eastlawn Point,szimek4t@virginia.edu,15,339
Augustus,Bickerstasse,960-278-5778,222 Glacier Hill Place,abickerstasse4u@answers.com,24,904
Land,Heindle,891-936-5108,743 Pierstorff Place,lheindle4v@blogspot.com,17,37
Keen,Egentan,551-435-6820,8 Shasta Drive,kegentan4w@lulu.com,32,460
Worth,Dongall,587-541-7057,63 Dovetail Street,wdongall4x@mail.ru,38,350
Daisie,Osgar,933-252-2625,89658 Carioca Point,dosgar4y@storify.com,40,902
Dore,Kibbey,593-591-1053,54 Hoepker Place,dkibbey4z@pbs.org,35,705
Gloria,Smitten,416-776-8484,59 Lindbergh Pass,gsmitten50@cam.ac.uk,9,520
Aldo,Haylock,781-847-7801,660 Ludington Junction,ahaylock51@ihg.com,14,251
Shane,Winn,242-289-8756,364 Hoepker Point,swinn52@google.co.uk,11,305
Myrtice,Mursell,709-647-1186,68 Lawn Terrace,mmursell53@buzzfeed.com,2,741
Irvine,Howey,213-573-4511,351 Tony Center,ihowey54@comsenz.com,33,427
Angie,Mossbee,661-246-7147,96799 Jenifer Hill,amossbee55@wikimedia.org,26,121
Hamnet,Bogie,587-168-6713,342 Hermina Center,hbogie56@nymag.com,30,444
Ware,Edwick,900-425-9518,3 Elgar Parkway,wedwick57@xinhuanet.com,3,419
Bearnard,Meadows,955-371-2953,58 Pleasure Court,bmeadows58@nasa.gov,34,351
Randie,Galliard,965-390-7906,666 Clarendon Avenue,rgalliard59@mozilla.org,35,904
Gabriell,Bachman,458-349-2836,314 Browning Lane,gbachman5a@slashdot.org,35,200
Alexine,Rentz,824-168-3621,12320 Bonner Plaza,arentz5b@samsung.com,5,940
Marshal,Lording,721-690-5623,9 Anthes Parkway,mlording5c@godaddy.com,38,758
Valry,Mulford,307-170-4275,0 Novick Center,vmulford5d@netscape.com,16,607
Emilee,Meier,236-279-2474,96 Eliot Alley,emeier5e@uol.com.br,18,318
Ellie,Weine,898-568-1233,8357 Crownhardt Point,eweine5f@myspace.com,22,715
Odele,Inkles,682-125-9666,28 Miller Trail,oinkles5g@uiuc.edu,4,433
Stephenie,Palphreyman,626-795-3185,06808 Thierer Drive,spalphreyman5h@pbs.org,32,79
Cristabel,Delgardo,971-986-0114,289 Havey Street,cdelgardo5i@ning.com,25,105
Rinaldo,Wolfart,770-133-6557,82834 Westridge Circle,rwolfart5j@alibaba.com,31,879
Victor,Olekhov,926-783-5328,619 Westport Terrace,volekhov5k@washington.edu,14,166
Lia,Sharland,498-277-2851,4420 Debs Drive,lsharland5l@google.ca,27,144
Netta,Golsworthy,880-529-6873,0835 Armistice Lane,ngolsworthy5m@cafepress.com,39,17
Addy,Frankland,345-657-0131,7568 American Alley,afrankland5n@washingtonpost.com,4,488
Mirna,Kilcullen,282-564-8184,887 Warbler Point,mkilcullen5o@shutterfly.com,6,839
Elliott,Addy,504-581-7742,316 Stone Corner Plaza,eaddy5p@indiatimes.com,23,907
Lynette,Skittrall,797-970-0154,1 Loftsgordon Plaza,lskittrall5q@mysql.com,8,4
Kincaid,Holbarrow,435-124-7613,0 Porter Road,kholbarrow5r@europa.eu,10,973
Heall,Amoss,561-409-9242,359 Corry Avenue,hamoss5s@apache.org,12,872
Danell,Jenkinson,291-732-2676,44 Anniversary Way,djenkinson5t@cbsnews.com,24,697
Grete,Gromley,998-631-6665,92 Loftsgordon Pass,ggromley5u@cdbaby.com,10,448
Ingrid,Sturney,496-428-7881,252 Ilene Crossing,isturney5v@mediafire.com,30,473
Issi,Headon,916-270-2740,8352 Sundown Plaza,iheadon5w@mtv.com,1,979
Ronnie,Reyne,856-623-4461,116 Springs Hill,rreyne5x@nymag.com,8,474
Oran,Brok,428-655-0969,14790 Warner Crossing,obrok5y@blogs.com,25,394
Wyatan,Robelin,385-231-7653,88 Annamark Court,wrobelin5z@comcast.net,16,461
Giusto,Kedslie,668-258-1162,87230 Golf Alley,gkedslie60@live.com,14,148
Crista,Ambresin,415-142-2649,5 Dunning Way,cambresin61@vinaora.com,10,646
Leroy,Millimoe,472-965-5401,72 Florence Place,lmillimoe62@multiply.com,38,631
Christy,Kalisch,844-684-9929,526 Bluejay Court,ckalisch63@weather.com,13,552
Jolie,Gaynor,828-273-7705,0 Ramsey Hill,jgaynor64@purevolume.com,9,953
Rowe,Tillot,157-452-1290,31 Kings Plaza,rtillot65@walmart.com,38,102
Astra,Dagworthy,564-156-6572,6 Rieder Place,adagworthy66@webs.com,30,846
Federica,Brideau,454-963-8291,65885 Sommers Junction,fbrideau67@histats.com,35,159
Egan,Hurtado,759-115-3194,246 North Way,ehurtado68@github.com,6,257
Anastasia,Hadwin,771-713-9260,5 Granby Plaza,ahadwin69@cisco.com,1,99
Sophey,Reading,784-868-8524,479 Ridgeview Drive,sreading6a@miibeian.gov.cn,10,994
Ced,Richarz,505-414-5814,24 Manufacturers Junction,cricharz6b@nba.com,23,855
Claudian,Mager,598-819-6479,56139 Nancy Street,cmager6c@nymag.com,7,706
Jacquelynn,Malkin,258-584-6922,74 Blue Bill Park Lane,jmalkin6d@nasa.gov,11,610
Marcille,Ronnay,266-395-6572,53 Loomis Pass,mronnay6e@jugem.jp,14,329
Emmey,Marchant,782-149-1101,9 Bowman Park,emarchant6f@deviantart.com,34,599
Garth,Dubois,779-852-6115,37 Charing Cross Park,gdubois6g@umich.edu,4,487
Raynard,Willers,571-709-2258,4 Kenwood Parkway,rwillers6h@ted.com,39,332
Olva,Pashenkov,217-189-0086,5968 Meadow Ridge Junction,opashenkov6i@newyorker.com,22,685
Anson,Menpes,344-726-2553,7333 Derek Street,amenpes6j@chicagotribune.com,8,162
Rutger,Gaggen,593-610-3376,73465 Kingsford Trail,rgaggen6k@purevolume.com,5,879
Nicolina,Saylor,603-641-5379,2 Charing Cross Alley,nsaylor6l@europa.eu,37,542
De witt,Purslow,945-612-4177,69 Utah Point,dpurslow6m@princeton.edu,2,683
Justina,Laven,219-869-8459,620 Westerfield Parkway,jlaven6n@163.com,37,102
Zelda,Belt,599-785-4923,31 Manufacturers Drive,zbelt6o@macromedia.com,17,128
Eldon,Gut,627-776-4643,975 Sunfield Pass,egut6p@nyu.edu,28,923
Janeczka,Cunliffe,540-312-3375,6346 Coleman Crossing,jcunliffe6q@sakura.ne.jp,13,134
Aube,Deluca,195-169-7495,77641 Duke Parkway,adeluca6r@creativecommons.org,17,809
Caldwell,Hannibal,469-163-4361,58 Dahle Plaza,channibal6s@phoca.cz,33,513
Dennie,Wiper,590-375-2446,91 Katie Point,dwiper6t@state.tx.us,34,969
Judy,Autry,749-848-5364,5 Charing Cross Park,jautry6u@github.io,25,283
Karlotte,Utteridge,426-933-5281,6 Menomonie Trail,kutteridge6v@linkedin.com,29,377
Brocky,Scala,512-649-3158,2225 Kensington Park,bscala6w@unc.edu,19,820
Nancy,Lettsom,775-941-5878,0434 Prairieview Point,nlettsom6x@surveymonkey.com,32,604
Madelin,Ashburner,668-299-8546,487 Northland Street,mashburner6y@furl.net,21,36
Donn,Dack,986-349-9965,85695 Ludington Terrace,ddack6z@newsvine.com,16,538
Keary,Tirrey,231-446-4071,941 Monument Place,ktirrey70@barnesandnoble.com,10,366
Deane,Greenfield,231-557-8641,2 Johnson Drive,dgreenfield71@house.gov,29,145
Burnard,Kears,630-584-2949,46 Linden Crossing,bkears72@dmoz.org,18,613
Blake,Obey,651-241-9612,65740 Ridgeview Junction,bobey73@cbslocal.com,31,970
Tedra,Seale,539-895-4129,762 Almo Parkway,tseale74@miitbeian.gov.cn,16,24
Virgie,Durkin,994-534-8830,74 Rigney Point,vdurkin75@about.com,31,860
Rozalie,Frid,643-459-3392,4 Oak Pass,rfrid76@xrea.com,39,918
Shurwood,Drinkhill,931-350-4133,39329 Hallows Point,sdrinkhill77@pcworld.com,8,290
Nial,Dudbridge,518-948-8471,196 Linden Court,ndudbridge78@wiley.com,5,951
Sloan,Wittleton,190-371-0428,2569 Armistice Parkway,swittleton79@aol.com,24,827
Lloyd,Okenden,292-275-8263,96858 Steensland Way,lokenden7a@opensource.org,32,899
Alethea,Drover,439-541-5803,3618 Northport Park,adrover7b@usatoday.com,29,584
Kaspar,McCrillis,727-862-4776,6 Declaration Trail,kmccrillis7c@tripadvisor.com,7,958
Barclay,Challens,394-866-1106,9 Monterey Street,bchallens7d@home.pl,30,125
Brooks,Nardoni,109-177-7952,30384 Prairie Rose Lane,bnardoni7e@examiner.com,24,107
Reiko,Redhills,620-455-6549,40896 Sullivan Plaza,rredhills7f@alexa.com,29,118
Nicolea,Hodges,638-953-1245,9 Everett Court,nhodges7g@addthis.com,23,510
Carlita,Sprionghall,742-401-1458,98196 Stang Alley,csprionghall7h@alexa.com,4,798
Bertie,Gelderd,925-112-5630,87 Warrior Alley,bgelderd7i@myspace.com,25,589
Dalt,Johl,270-730-6695,21675 Mitchell Avenue,djohl7j@dedecms.com,18,520
Collete,Valentin,170-886-8242,60 Pawling Alley,cvalentin7k@example.com,20,1000
Kiah,Linning,879-995-4252,4454 Brentwood Crossing,klinning7l@elegantthemes.com,30,331
Bobette,Baldoni,386-631-0559,6663 Emmet Avenue,bbaldoni7m@blogtalkradio.com,37,516
Blaine,Skeates,475-381-8951,6368 Warner Street,bskeates7n@hud.gov,5,631
Aubert,Gotecliffe,273-836-4560,8095 American Hill,agotecliffe7o@unblog.fr,27,824
Dorie,Costard,139-695-1344,7 Stuart Place,dcostard7p@sbwire.com,15,423
Maiga,Bohlmann,219-798-6939,5456 Forster Way,mbohlmann7q@i2i.jp,13,723
Ema,Van der Kruijs,289-193-1075,7 Express Avenue,evanderkruijs7r@de.vu,39,103
Godiva,Jedrzejczyk,189-275-1732,389 Browning Street,gjedrzejczyk7s@bbc.co.uk,26,385
Clywd,Coppins,360-447-5529,1797 Kenwood Plaza,ccoppins7t@mozilla.org,20,966
Britte,Arnaudon,645-167-0061,2 Gerald Place,barnaudon7u@cdbaby.com,1,578
Beth,Foye,964-995-8504,154 Bellgrove Circle,bfoye7v@clickbank.net,38,549
Adolpho,Mabley,487-643-9742,12 Main Pass,amabley7w@sciencedirect.com,26,378
Gasper,Goude,977-533-1221,6 Dottie Pass,ggoude7x@webeden.co.uk,22,360
Odey,Tuther,616-474-6307,1 Graceland Parkway,otuther7y@digg.com,9,561
Antin,Scryne,614-588-7279,7654 Barby Alley,ascryne7z@privacy.gov.au,10,545
Morgun,Kendred,512-947-8397,4896 Elka Place,mkendred80@wp.com,12,337
Layne,Tansey,488-390-6874,762 Helena Center,ltansey81@chronoengine.com,36,492
Bess,Costin,994-263-7529,3 Moose Point,bcostin82@earthlink.net,8,848
Ewart,Ugoletti,798-379-8459,5018 Northwestern Junction,eugoletti83@pen.io,23,194
Datha,Phelan,898-760-5494,2191 West Crossing,dphelan84@etsy.com,35,228
Tabitha,Stigger,386-119-0200,96 Ilene Street,tstigger85@wisc.edu,6,518
Shermy,Downgate,480-895-4550,76199 Badeau Drive,sdowngate86@thetimes.co.uk,7,607
Judah,Troctor,852-802-7367,56544 Holmberg Plaza,jtroctor87@sourceforge.net,28,239
Kelbee,MacKessock,721-211-1286,5825 Browning Street,kmackessock88@youtube.com,11,891
Alverta,Tolson,286-843-7124,2745 Lyons Crossing,atolson89@google.es,31,726
Bail,Tulley,621-293-8495,1 Crescent Oaks Terrace,btulley8a@sitemeter.com,29,16
Ninetta,Franken,224-931-5462,4741 New Castle Pass,nfranken8b@jimdo.com,30,852
Deedee,Paulillo,134-626-4179,93962 Rieder Crossing,dpaulillo8c@yahoo.com,11,193
Kikelia,Huleatt,684-970-2353,228 Springview Alley,khuleatt8d@google.ca,38,63
Katerina,Goscar,462-632-8252,96 Roxbury Terrace,kgoscar8e@pcworld.com,28,961
Tobey,Bartali,925-492-3183,5 Arrowood Way,tbartali8f@biglobe.ne.jp,7,729
Gunar,Haborn,370-875-1822,02 Sommers Park,ghaborn8g@netvibes.com,38,927
Wally,Wallington,735-682-1763,6625 High Crossing Junction,wwallington8h@time.com,37,161
Murdock,Kemmey,357-346-1014,229 South Trail,mkemmey8i@arizona.edu,10,445
Marylinda,Duxbury,309-454-8814,8 Delaware Alley,mduxbury8j@geocities.jp,13,368
Ailee,Seward,636-709-9947,304 Lake View Parkway,aseward8k@microsoft.com,27,104
Nicoli,VanBrugh,904-939-2674,123 2nd Center,nvanbrugh8l@skyrock.com,3,818
Madella,Pusey,348-216-8580,90 Kedzie Circle,mpusey8m@engadget.com,26,752
Ingar,Cecil,627-431-0988,253 New Castle Plaza,icecil8n@lulu.com,13,94
Augustine,Hatrey,156-126-4552,81 Mayer Drive,ahatrey8o@discuz.net,7,136
Farr,Ronchetti,306-546-3792,7 Di Loreto Lane,fronchetti8p@independent.co.uk,35,476
Babette,Gheerhaert,639-180-5537,8 Monica Avenue,bgheerhaert8q@ucoz.com,26,901
Mei,Kuhnhardt,704-963-2810,6567 Mockingbird Avenue,mkuhnhardt8r@multiply.com,14,714
Lee,Naisey,222-623-7173,509 Merchant Hill,lnaisey8s@google.com.au,10,245
Celene,Dow,684-589-3054,7742 Riverside Street,cdow8t@unesco.org,4,543
Charlotte,Erswell,629-997-5804,58 Golden Leaf Center,cerswell8u@mapquest.com,18,665
Elizabeth,Wanklin,984-402-9454,1083 Sachtjen Place,ewanklin8v@booking.com,40,765
Sallyanne,Ambrogi,121-995-5069,990 Bellgrove Circle,sambrogi8w@symantec.com,37,71
Mag,Diano,638-983-2032,33 Thierer Center,mdiano8x@youtu.be,20,88
Bartram,Rendle,491-596-7124,8 Springview Terrace,brendle8y@sohu.com,13,902
Delora,Willford,160-660-6322,1 Gina Way,dwillford8z@amazonaws.com,34,506
Kym,Arnolds,140-805-7390,59 Jenifer Terrace,karnolds90@washingtonpost.com,11,423
Drusy,Jantot,398-335-5816,3919 Nova Junction,djantot91@surveymonkey.com,14,201
Perl,Medler,916-754-9416,90 Coolidge Way,pmedler92@cnn.com,19,469
Thadeus,Pither,572-958-5880,90 Atwood Hill,tpither93@who.int,33,340
Judye,Pechet,735-947-7756,3 Gerald Center,jpechet94@virginia.edu,17,90
Blondell,Wickendon,324-806-2741,08 Ohio Court,bwickendon95@clickbank.net,13,748
Sarina,Cull,959-406-0558,265 Eastwood Place,scull96@geocities.jp,34,634
Fair,Kares,461-792-6525,70 Sundown Court,fkares97@accuweather.com,18,242
Brock,Swindles,162-789-5889,81974 Saint Paul Court,bswindles98@sphinn.com,12,602
Gracia,Sivior,113-146-8600,8 Derek Place,gsivior99@zimbio.com,25,69
Hillery,Tailby,383-395-3570,1397 Dakota Avenue,htailby9a@un.org,27,951
Thaine,Tooby,747-623-0475,6 Gerald Drive,ttooby9b@cnet.com,35,35
Kerrill,Ivatt,481-686-4250,04 Parkside Terrace,kivatt9c@desdev.cn,32,386
Caro,Jollie,173-125-1728,67 Kedzie Lane,cjollie9d@cdbaby.com,19,178
Myrta,Canavan,531-207-6962,9922 Helena Place,mcanavan9e@boston.com,19,107
Vassili,Patel,968-460-1358,8 Hayes Road,vpatel9f@exblog.jp,35,906
Ethelin,Jayume,254-719-3255,377 Dottie Terrace,ejayume9g@google.com.br,7,747
Meryl,Chong,202-860-7538,182 Karstens Road,mchong9h@nih.gov,9,834
Rani,Jessep,667-805-6428,37073 Schmedeman Place,rjessep9i@acquirethisname.com,28,489
Lucienne,Lathee,152-163-0965,51 Nobel Junction,llathee9j@youku.com,20,692
Woodrow,Paulat,183-644-8996,54716 Burning Wood Point,wpaulat9k@yahoo.co.jp,17,298
Nerty,Huckel,388-631-9500,8 Becker Lane,nhuckel9l@fastcompany.com,6,481
Hildy,Maker,380-565-0905,3 Marcy Crossing,hmaker9m@yelp.com,32,45
Kristo,Jessep,989-952-9955,79 Schmedeman Place,kjessep9n@com.com,34,781
Felice,Dedrick,729-343-2616,5800 Oriole Trail,fdedrick9o@omniture.com,12,763
Lucia,Antonchik,828-904-7283,2 Dexter Crossing,lantonchik9p@xrea.com,8,184
Johnathon,Lowe,455-446-2153,766 Waubesa Lane,jlowe9q@uol.com.br,8,24
Kirby,Bendley,981-289-1097,066 Golf View Court,kbendley9r@parallels.com,4,484
Ilaire,Bernolet,982-712-5525,94 Golf Trail,ibernolet9s@reuters.com,19,157
Berky,Croysdale,768-746-6501,0 Spaight Circle,bcroysdale9t@addtoany.com,21,436
Corinne,McClunaghan,859-345-8613,0869 Scoville Junction,cmcclunaghan9u@prnewswire.com,33,447
Vassili,Flaxman,323-420-4052,663 Prentice Avenue,vflaxman9v@hexun.com,19,637
Rosabel,Held,125-637-6579,89771 Eagle Crest Parkway,rheld9w@xrea.com,32,729
Jodie,Frunks,769-826-2336,4 Lindbergh Avenue,jfrunks9x@scientificamerican.com,40,147
Lanie,Maypowder,834-351-6265,852 Brickson Park Lane,lmaypowder9y@google.com.au,32,178
Phillipp,Grindall,682-981-9733,472 Erie Place,pgrindall9z@elpais.com,24,908
Gerrilee,Morby,221-409-8035,46101 Jenifer Drive,gmorbya0@theatlantic.com,1,834
Nickie,Bannon,508-580-6059,15 Mifflin Plaza,nbannona1@msu.edu,16,800
Barret,Tumbelty,512-943-5971,0 North Plaza,btumbeltya2@nbcnews.com,13,248
Orland,Widd,905-149-3340,1186 Wayridge Court,owidda3@nytimes.com,6,488
Avrit,Hasnney,267-912-9775,5 Hoepker Plaza,ahasnneya4@blogger.com,13,235
Ode,Vlach,224-216-5140,317 Merrick Terrace,ovlacha5@wiley.com,39,963
Noella,Grinishin,379-268-9722,8 Golf Course Junction,ngrinishina6@dailymotion.com,33,376
Harrison,Lumly,859-332-7635,5057 Kim Junction,hlumlya7@w3.org,22,152
Ramonda,Thunnercliffe,124-828-0733,9137 Lien Place,rthunnercliffea8@epa.gov,19,459
Channa,Clench,875-969-1733,08336 Dwight Crossing,cclencha9@dyndns.org,14,994
Trstram,Farrens,458-159-3054,7442 Ramsey Alley,tfarrensaa@yellowbook.com,2,659
Walsh,Blitzer,135-157-6609,0 Arizona Circle,wblitzerab@opensource.org,40,956
Bridie,Forsard,256-882-0304,23 Acker Terrace,bforsardac@squidoo.com,27,508
Engracia,Beste,584-577-0883,2 Ilene Avenue,ebestead@bloglines.com,12,267
Lucy,Gregan,840-723-0871,81 Dahle Street,lgreganae@hao123.com,4,962
Whittaker,Pedican,494-224-8655,65308 Brown Lane,wpedicanaf@youku.com,14,941
Pennie,Beausang,681-339-0063,3998 Calypso Drive,pbeausangag@uol.com.br,22,772
Lindi,Frizzell,521-689-1051,23988 Reinke Park,lfrizzellah@sun.com,19,38
Mikel,Joutapavicius,683-938-5720,5692 International Hill,mjoutapaviciusai@cnn.com,26,288
Alasdair,Exon,999-745-4581,915 Washington Junction,aexonaj@umn.edu,31,693
Dael,Gatteridge,685-461-8284,159 Summit Avenue,dgatteridgeak@mediafire.com,12,912
Amos,Sheals,168-504-3859,13220 Maryland Street,ashealsal@hibu.com,40,471
Ranna,Vidineev,305-980-5005,9780 Victoria Terrace,rvidineevam@nyu.edu,10,526
Derrick,Bellwood,427-311-7600,3692 Vernon Avenue,dbellwoodan@nytimes.com,28,405
Rawley,Wasielewicz,506-385-4440,1 Graceland Alley,rwasielewiczao@pbs.org,38,668
Efrem,Purchon,997-446-0195,6901 Express Trail,epurchonap@hao123.com,9,843
Mohandas,Englishby,270-992-6808,0872 Loftsgordon Drive,menglishbyaq@google.de,35,76
Kacey,Calley,245-317-7680,1521 Schiller Road,kcalleyar@icio.us,38,122
Karyn,Raulston,472-855-6373,91 Kensington Trail,kraulstonas@linkedin.com,25,123
Curr,Bontein,602-257-5315,71 Corry Drive,cbonteinat@prnewswire.com,8,379
Viva,Swepstone,180-675-1416,037 Loftsgordon Alley,vswepstoneau@mlb.com,18,277
Dmitri,Swinnerton,998-158-1412,8 Loeprich Parkway,dswinnertonav@t.co,39,967
Dom,Vany,404-627-6500,1442 Shasta Court,dvanyaw@wsj.com,40,883
Sibeal,Ulster,761-167-6259,16800 Hansons Pass,sulsterax@plala.or.jp,34,265
Chandal,Djekovic,781-402-9077,61809 Almo Crossing,cdjekovicay@list-manage.com,4,279
Eliot,Dyer,247-915-5366,1209 Erie Street,edyeraz@independent.co.uk,1,812
See,Elner,885-361-4844,809 Ridgeway Terrace,selnerb0@theguardian.com,17,229
Lucas,Ratledge,679-539-5484,2592 Mandrake Junction,lratledgeb1@woothemes.com,24,489
Mylo,Brindle,353-638-1047,66 Walton Street,mbrindleb2@va.gov,33,24
Quinta,Cranage,433-919-5405,49 Mallard Street,qcranageb3@issuu.com,35,343
Alfons,Illes,704-705-6093,88 Maryland Street,aillesb4@amazon.com,12,152
Mortie,Hakonsson,434-529-0039,887 Amoth Drive,mhakonssonb5@ox.ac.uk,15,408
Lancelot,Champerlen,112-251-0926,587 West Terrace,lchamperlenb6@shutterfly.com,26,334
Vance,Sighart,104-758-0841,33 Merry Drive,vsighartb7@yelp.com,7,584
Mohandis,Brugemann,801-120-3587,9 Moulton Road,mbrugemannb8@stanford.edu,31,208
Che,Bonafant,941-837-3637,4176 Westridge Way,cbonafantb9@bigcartel.com,34,722
Ed,Moran,844-986-6574,488 Shopko Lane,emoranba@nytimes.com,38,112
Magnum,Beadell,608-415-6954,909 Blackbird Place,mbeadellbb@php.net,25,297
Judy,Du Plantier,708-916-7855,24225 Blaine Center,jduplantierbc@hibu.com,31,470
Darn,Cantos,224-363-2013,9 Summerview Park,dcantosbd@cbc.ca,40,148
Hanan,MacGaffey,909-185-7341,8174 Bonner Place,hmacgaffeybe@fc2.com,1,97
Hodge,Fetherstan,731-980-1885,43097 Jenifer Parkway,hfetherstanbf@loc.gov,5,843
Melany,Omar,415-951-3773,8007 Sunbrook Avenue,momarbg@jimdo.com,35,563
Kaspar,Trundler,471-527-6259,469 Buell Way,ktrundlerbh@youtube.com,22,258
Janette,Seiffert,180-716-8959,9316 Sunfield Parkway,jseiffertbi@harvard.edu,37,689
Terri-jo,Ceaser,613-574-1600,04 Schmedeman Lane,tceaserbj@epa.gov,31,983
Amberly,Garrett,855-297-3931,0903 Westridge Parkway,agarrettbk@nature.com,37,620
Sergeant,Moreside,263-622-2991,66 Michigan Drive,smoresidebl@bigcartel.com,31,658
Kip,Burroughes,214-301-3581,21465 Waxwing Avenue,kburroughesbm@businessinsider.com,16,788
Lynde,Luckcuck,450-551-2924,04 Bobwhite Junction,lluckcuckbn@columbia.edu,5,293
Bourke,Halwell,247-469-7219,9 Evergreen Drive,bhalwellbo@instagram.com,25,846
Stacy,Rainon,582-775-6414,6613 Pawling Road,srainonbp@irs.gov,16,951
Leese,Gilpillan,558-185-1048,52 Schiller Plaza,lgilpillanbq@sciencedirect.com,28,74
Crawford,Varian,216-274-7416,111 Calypso Trail,cvarianbr@dailymail.co.uk,30,822
Alma,Cristofori,516-519-9924,2 Fairfield Crossing,acristoforibs@gizmodo.com,30,139
Constanta,Birdwhistell,354-237-8047,2529 Scoville Terrace,cbirdwhistellbt@discovery.com,6,142
Lilly,Holwell,160-394-9268,0 Autumn Leaf Trail,lholwellbu@freewebs.com,36,540
Harp,Crannell,883-585-3274,39433 Shasta Drive,hcrannellbv@icio.us,38,886
Ferdy,Di Roberto,631-248-0025,4659 Troy Street,fdirobertobw@nba.com,40,190
Adiana,Everton,642-418-0973,988 Charing Cross Alley,aevertonbx@accuweather.com,20,3
Les,Butterfill,652-756-8157,8 6th Circle,lbutterfillby@jugem.jp,21,647
Eberto,MacCoveney,955-668-3396,42070 Manufacturers Alley,emaccoveneybz@ezinearticles.com,19,70
Amalita,Kent,220-693-6684,262 Carioca Park,akentc0@nbcnews.com,40,655
Lissi,Drable,656-445-9705,15155 Badeau Terrace,ldrablec1@livejournal.com,1,74
Damiano,Glidder,622-581-9840,87 Fuller Junction,dglidderc2@dmoz.org,7,789
Aguistin,McAlister,649-938-4458,9 Spohn Way,amcalisterc3@squidoo.com,24,525
Allis,Ellerington,667-176-1943,0543 Hazelcrest Alley,aelleringtonc4@tamu.edu,14,372
Derward,Fyrth,951-447-7468,86 Elka Park,dfyrthc5@nature.com,19,241
Antonin,Delgadillo,158-152-7814,3 Magdeline Way,adelgadilloc6@java.com,1,600
Suzann,Lynes,203-868-4952,47 Roxbury Alley,slynesc7@census.gov,13,84
Malcolm,Ruggieri,751-631-1007,03843 Jay Terrace,mruggieric8@marriott.com,36,517
Alvie,Fingleton,435-136-4322,1806 Sullivan Point,afingletonc9@elegantthemes.com,7,279
Tammie,Lamblin,727-565-0355,78051 High Crossing Crossing,tlamblinca@craigslist.org,7,354
Sybil,McGarrie,516-671-5893,1 Schurz Road,smcgarriecb@t.co,15,530
Traci,Sabathier,654-100-3056,50468 Roxbury Plaza,tsabathiercc@hugedomains.com,14,23
Gertrude,Heminsley,612-442-6179,87 Maple Wood Hill,gheminsleycd@so-net.ne.jp,24,552
Harriett,Sueter,611-919-6042,64 Montana Junction,hsueterce@mozilla.com,26,629
Donaugh,Grattan,878-790-7222,111 Haas Court,dgrattancf@yahoo.co.jp,40,367
Ondrea,Cottu,717-319-6318,29636 Alpine Avenue,ocottucg@cnn.com,3,77
Renie,Lates,497-559-9219,2 Dunning Plaza,rlatesch@google.nl,20,760
Danie,Hessenthaler,315-569-7799,4038 Sundown Place,dhessenthalerci@wix.com,13,509
Liv,Pocklington,901-553-1591,38412 Mifflin Trail,lpocklingtoncj@patch.com,18,397
Lura,Jehan,480-190-3243,77 Meadow Valley Junction,ljehanck@mac.com,39,542
Devland,Loughhead,193-723-0995,31 Lindbergh Terrace,dloughheadcl@google.ca,12,67
Venus,Fenny,331-102-0440,2 Mariners Cove Way,vfennycm@com.com,37,2
Lyman,Demer,942-716-7609,48708 Transport Alley,ldemercn@fema.gov,1,495
Loren,Easman,972-223-6153,2148 Roxbury Crossing,leasmanco@mlb.com,5,207
Guthry,Culley,999-599-1610,3 Eastwood Place,gculleycp@reuters.com,22,812
Reinaldo,Ludman,660-138-9390,883 8th Point,rludmancq@cisco.com,37,874
Ode,Swallwell,345-271-2312,43601 Waxwing Center,oswallwellcr@sbwire.com,10,547
Decca,Billows,787-242-2574,04867 Vermont Parkway,dbillowscs@mac.com,2,570
Osborn,Gorsse,992-174-8776,0474 Hooker Street,ogorssect@digg.com,37,572
Creigh,Feldbaum,187-777-0441,3 1st Drive,cfeldbaumcu@yahoo.co.jp,16,948
Emory,Ovise,590-199-8508,312 Waubesa Parkway,eovisecv@gnu.org,5,680
Mayer,Muckle,155-362-1355,87219 Dryden Place,mmucklecw@i2i.jp,28,908
Glenn,Davidsohn,314-433-3556,84 South Place,gdavidsohncx@weebly.com,38,356
Hannah,Broggetti,728-793-7210,48963 Hauk Parkway,hbroggetticy@ocn.ne.jp,36,746
Silvester,Goldston,339-712-2876,2624 Parkside Place,sgoldstoncz@nyu.edu,16,660
Charlena,Godart,222-820-0474,96 Northport Trail,cgodartd0@mapquest.com,34,141
Crystie,Brum,949-707-9665,712 Lyons Place,cbrumd1@a8.net,36,30
Bevvy,Rushbrook,615-913-4528,1276 American Terrace,brushbrookd2@ocn.ne.jp,3,56
Sybyl,Dionsetti,985-135-5434,394 Rockefeller Place,sdionsettid3@360.cn,15,711
De witt,Mattosoff,123-311-3199,8164 Norway Maple Hill,dmattosoffd4@tinyurl.com,25,419
Darda,Chezier,615-979-1995,1 Shelley Plaza,dchezierd5@mashable.com,24,160
Hortense,Jarvis,798-961-3536,974 Oakridge Lane,hjarvisd6@miibeian.gov.cn,17,555
Morlee,Cornford,446-408-7913,61528 Karstens Terrace,mcornfordd7@amazon.co.jp,4,198
Gerrie,Mussington,679-585-4101,22544 Ridgeview Terrace,gmussingtond8@geocities.com,37,192
Travers,De Gouy,264-871-6312,332 Monica Alley,tdegouyd9@redcross.org,26,708
Manfred,Cerie,714-981-5356,07 Loeprich Junction,mcerieda@slideshare.net,1,797
Robb,Pilkington,833-210-2086,85 Hooker Street,rpilkingtondb@soup.io,36,859
Allis,Dami,850-445-0272,30696 Forest Dale Crossing,adamidc@com.com,20,923
Megen,Signorelli,102-633-1594,1 Tennessee Alley,msignorellidd@shop-pro.jp,28,536
Yoshi,Orleton,805-578-1256,8104 Oak Valley Road,yorletonde@earthlink.net,11,951
Emilio,Epsly,542-790-6633,11 Hagan Road,eepslydf@disqus.com,37,945
Linet,Geekie,987-246-0694,17 Sommers Pass,lgeekiedg@japanpost.jp,28,832
Urson,Whistan,736-552-7766,158 Meadow Ridge Point,uwhistandh@vkontakte.ru,2,305
Jillana,Gresch,494-149-8274,77764 Cody Center,jgreschdi@a8.net,3,444
Moses,Poynter,467-165-1466,31 Waywood Crossing,mpoynterdj@blinklist.com,39,173
Henderson,Malin,830-168-5675,3498 Loftsgordon Avenue,hmalindk@goo.gl,2,851
Philip,Dury,520-806-5892,95407 Bultman Junction,pdurydl@sitemeter.com,40,714
Caesar,Meas,921-635-6591,6 Towne Parkway,cmeasdm@opera.com,28,966
Dian,Geistmann,642-786-0640,29893 Burning Wood Place,dgeistmanndn@canalblog.com,12,446
Augustus,Torvey,182-646-5560,33037 Loftsgordon Way,atorveydo@homestead.com,26,439
Cori,Spurway,288-648-9306,55 Sauthoff Crossing,cspurwaydp@businessinsider.com,20,338
Tuesday,Stephens,657-388-9966,7 Ilene Park,tstephensdq@irs.gov,18,337
Isabel,Bennike,407-758-0408,0 Park Meadow Plaza,ibennikedr@adobe.com,23,974
Barry,Bauman,381-542-6716,6211 Paget Point,bbaumands@technorati.com,7,411
Alfred,Cowie,136-802-9006,17 Jana Point,acowiedt@microsoft.com,33,201
Adrea,Aldrin,716-276-4441,8 Valley Edge Way,aaldrindu@msu.edu,35,110
Chery,Piccop,699-942-8968,617 Fair Oaks Street,cpiccopdv@xing.com,32,172
Brady,McLese,774-800-4674,5282 Fairview Plaza,bmclesedw@google.com.au,35,331
Solomon,Malcolm,475-910-5294,31 Carey Plaza,smalcolmdx@toplist.cz,31,388
Ermengarde,Thick,668-292-3011,46958 Lighthouse Bay Alley,ethickdy@time.com,22,434
Kippy,Ebourne,146-161-2660,63 Huxley Trail,kebournedz@wix.com,14,963
Modesta,Arangy,529-554-3223,9198 Nova Street,marangye0@hao123.com,1,801
Benton,Dimsdale,665-826-4881,77 Toban Pass,bdimsdalee1@deviantart.com,7,175
Rowney,Goodlet,644-731-5112,90 Hollow Ridge Junction,rgoodlete2@youtube.com,40,775
Rowan,Harbard,930-222-0055,33332 Eastlawn Drive,rharbarde3@constantcontact.com,29,614
Gypsy,Luttgert,142-454-4810,00646 Crest Line Road,gluttgerte4@hostgator.com,29,777
Brita,Bruni,617-652-7094,43 Delladonna Hill,bbrunie5@webs.com,35,428
Halley,Drivers,484-341-8653,12233 Dorton Circle,hdriverse6@yahoo.com,8,285
Christophorus,Kays,295-718-5697,39 Hermina Trail,ckayse7@google.co.uk,36,388
Tobias,Castilljo,493-905-5609,32 Maple Drive,tcastilljoe8@hugedomains.com,21,45
Maury,Roome,454-761-6016,529 Clyde Gallagher Pass,mroomee9@google.com.br,35,187
Brana,Delnevo,723-267-4463,69474 Crownhardt Terrace,bdelnevoea@ucla.edu,33,643
Fabien,Ughi,994-358-8023,65313 Norway Maple Junction,fughieb@feedburner.com,9,809
Jere,Peinke,414-951-6722,6 Mendota Court,jpeinkeec@t-online.de,13,183
Gage,Fabbro,995-475-0483,3357 Eggendart Parkway,gfabbroed@xrea.com,27,813
Amy,Faughey,552-159-3223,6 Summit Pass,afaugheyee@kickstarter.com,17,713
Pail,Dibsdale,694-789-1416,40575 Roth Hill,pdibsdaleef@unesco.org,32,15
Odo,Lodemann,251-635-6403,302 Elgar Lane,olodemanneg@phpbb.com,8,664
Lothaire,Sturton,894-988-7531,35 Eliot Road,lsturtoneh@icio.us,8,273
Ansel,Cockayme,403-466-9810,3000 Arkansas Way,acockaymeei@google.es,32,962
Clarine,Coopland,932-707-6785,48 Sugar Street,ccooplandej@addthis.com,19,712
Shannen,Ellse,217-597-5444,21 Melody Street,sellseek@typepad.com,40,283
Artair,Snowdon,169-422-5451,209 Lakeland Center,asnowdonel@wikispaces.com,12,905
Beaufort,Cowthard,280-873-2371,5 Ludington Plaza,bcowthardem@newyorker.com,25,410
Loree,Warrick,375-545-3514,621 Clarendon Center,lwarricken@npr.org,31,64
Evangeline,Leving,262-825-0208,526 Prairie Rose Park,elevingeo@etsy.com,29,387
Bendicty,Timbridge,857-306-2812,281 Schlimgen Terrace,btimbridgeep@sitemeter.com,16,569
Cathlene,McNabb,830-961-7358,85 Susan Pass,cmcnabbeq@parallels.com,6,230
Silvester,Ethersey,723-660-8196,77347 Shasta Road,setherseyer@nydailynews.com,8,138
Otes,Edgeson,380-956-7353,48704 Del Mar Point,oedgesones@delicious.com,27,691
Ruthe,Fellgate,692-850-5242,2260 Scott Terrace,rfellgateet@diigo.com,6,569
Sara-ann,Scantlebury,342-448-2939,20217 Meadow Vale Way,sscantleburyeu@google.es,27,108
Myles,Fagge,327-954-6773,0464 Sullivan Trail,mfaggeev@webs.com,2,126
Porter,Cocklin,971-540-5271,79881 Dunning Lane,pcocklinew@deliciousdays.com,29,462
Francis,Kissick,462-469-8356,96629 Victoria Road,fkissickex@goo.ne.jp,36,42
Rusty,Ruby,696-644-1879,3 Green Terrace,rrubyey@wordpress.com,24,266
Daveen,Barthod,816-459-2016,122 Tomscot Lane,dbarthodez@bing.com,27,61
Rosalia,Girsch,552-436-9121,53923 Tomscot Drive,rgirschf0@google.pl,19,346
Minor,McNutt,261-929-8196,840 Kropf Court,mmcnuttf1@ted.com,12,252
Harwell,Vashchenko,830-106-5527,41962 Gulseth Place,hvashchenkof2@storify.com,25,522
Ginnifer,Corbin,459-300-7966,6674 Linden Court,gcorbinf3@taobao.com,39,213
Anatole,Zuppa,436-775-2395,934 Hoard Drive,azuppaf4@shutterfly.com,26,519
Brewer,Wookey,193-290-5960,3 Loftsgordon Parkway,bwookeyf5@issuu.com,20,431
Haley,Winspare,876-773-8847,0899 Bobwhite Street,hwinsparef6@youku.com,10,802
Anna-diana,Gillean,539-376-4501,85 Hallows Avenue,agilleanf7@vistaprint.com,7,67
Dalis,Cartlidge,264-105-8266,18 Sachs Junction,dcartlidgef8@so-net.ne.jp,22,270
Cristy,Fewless,142-508-1178,7 Holy Cross Crossing,cfewlessf9@nhs.uk,13,771
Verile,Mathews,111-693-0901,339 Esch Alley,vmathewsfa@joomla.org,13,509
Anthe,Heitz,197-448-8712,451 Mandrake Center,aheitzfb@desdev.cn,24,569
Archibaldo,Fawson,847-839-4250,920 Mallory Trail,afawsonfc@reuters.com,19,572
Krystyna,Miguet,833-432-4746,72 Rieder Pass,kmiguetfd@unc.edu,19,225
Aridatha,Cardall,990-876-2627,514 Declaration Pass,acardallfe@rambler.ru,32,681
Suzette,Olivia,536-739-6874,252 Shoshone Center,soliviaff@zdnet.com,11,824
Chariot,Clemits,835-265-2961,882 Waxwing Park,cclemitsfg@webnode.com,5,892
Gerri,Brome,707-701-5963,3707 Kipling Road,gbromefh@dyndns.org,23,285
Gunar,Heffy,698-139-2399,59 Muir Alley,gheffyfi@jimdo.com,33,769
Zelig,Martynka,617-349-6110,6 Summer Ridge Plaza,zmartynkafj@networkadvertising.org,6,448
Cindie,Grinsdale,457-818-0171,5820 Northridge Center,cgrinsdalefk@opera.com,39,835
Patricio,Thoday,458-869-8100,6 Bellgrove Pass,pthodayfl@reuters.com,28,298
Myra,Semper,372-880-2436,47186 Surrey Trail,msemperfm@pagesperso-orange.fr,23,325
Marys,Balma,593-595-5429,6401 Oxford Way,mbalmafn@cam.ac.uk,27,180
Nina,Grierson,380-308-0397,344 Hoepker Drive,ngriersonfo@goo.ne.jp,35,815
Giusto,Touret,989-418-6051,665 Bunting Crossing,gtouretfp@1688.com,38,748
Anton,Rennick,184-639-5218,6 Moland Parkway,arennickfq@myspace.com,35,999
Fidole,Otteridge,612-581-2450,983 Fairfield Alley,fotteridgefr@china.com.cn,33,767
Milo,Bealing,644-165-5985,30 Lakewood Plaza,mbealingfs@shutterfly.com,14,820
Thane,Brazel,241-714-0437,01 Cherokee Pass,tbrazelft@zdnet.com,8,247
Tasia,Nussen,142-270-5386,96703 Eggendart Road,tnussenfu@edublogs.org,14,601
Aurelie,Weatherburn,880-285-6456,2836 Hollow Ridge Place,aweatherburnfv@shinystat.com,39,95
Geordie,Coleridge,704-901-6067,3 Karstens Crossing,gcoleridgefw@wordpress.com,40,367
Anastasie,Smethurst,771-273-1170,23 Butternut Way,asmethurstfx@netvibes.com,38,395
Codi,Flowerden,453-665-8450,89950 Little Fleur Road,cflowerdenfy@myspace.com,16,171
Beth,McCay,398-795-3539,61 Lien Plaza,bmccayfz@toplist.cz,5,636
Ricardo,Gouny,281-346-0725,1 Crescent Oaks Center,rgounyg0@last.fm,11,23
Bunnie,Schult,182-923-7025,4732 Mitchell Circle,bschultg1@free.fr,10,753
Linette,Fautley,771-626-1788,3 Chive Point,lfautleyg2@theguardian.com,3,297
Alfie,Prosch,473-810-7897,36 Fuller Circle,aproschg3@dagondesign.com,11,565
Jammal,Hirschmann,572-405-4327,8 Shelley Park,jhirschmanng4@msu.edu,18,232
Dun,Truesdale,217-574-4768,75784 Portage Pass,dtruesdaleg5@foxnews.com,31,216
Zia,Fiddiman,236-135-9029,42 Bluestem Pass,zfiddimang6@quantcast.com,33,633
Beltran,Kelf,870-141-8643,1441 Maywood Junction,bkelfg7@t.co,10,596
Roana,Renzini,698-197-4198,3 Center Junction,rrenzinig8@instagram.com,10,232
Kipp,Liddon,454-830-1194,178 Towne Plaza,kliddong9@ftc.gov,24,961
Rufe,Rupp,571-108-3480,81 Clarendon Park,rruppga@ocn.ne.jp,15,791
Theda,Gurry,417-624-7524,95756 Everett Plaza,tgurrygb@dion.ne.jp,6,155
Kimberley,Load,115-625-9039,9318 Karstens Lane,kloadgc@mapy.cz,24,330
Kirsten,Fyall,796-695-0474,03 Michigan Court,kfyallgd@latimes.com,14,428
Paulita,Sterricker,811-329-2055,07356 Bayside Court,psterrickerge@delicious.com,8,9
Petrina,Messiter,713-484-2180,96585 Melvin Trail,pmessitergf@nifty.com,38,875
Silvano,Trewhitt,933-397-6630,418 Towne Parkway,strewhittgg@mozilla.com,6,560
Godiva,Tomenson,144-144-5341,22 Fuller Lane,gtomensongh@cdbaby.com,22,903
Thurstan,Clutton,287-441-6867,7177 Twin Pines Alley,tcluttongi@parallels.com,32,932
Addie,Wheowall,895-855-8041,9 Sundown Drive,awheowallgj@google.co.uk,14,348
Josy,Bramstom,885-471-5732,437 Claremont Plaza,jbramstomgk@jalbum.net,3,344
Alasteir,Flaubert,561-774-5895,53 Kropf Point,aflaubertgl@accuweather.com,19,617
Gunter,McKague,823-797-7195,04734 Tennessee Court,gmckaguegm@webeden.co.uk,23,196
Berrie,Sangwin,572-849-3952,1572 Buhler Alley,bsangwingn@youtu.be,22,346
Agnese,Roles,394-565-6767,1 West Plaza,arolesgo@skyrock.com,37,288
Cale,Cradduck,185-931-1652,010 Loeprich Street,ccradduckgp@washingtonpost.com,33,79
Juliette,Dozdill,575-536-8963,307 Macpherson Avenue,jdozdillgq@youku.com,37,716
Emera,Gosden,636-630-1164,789 Leroy Point,egosdengr@seesaa.net,26,422
Patricio,Sebyer,618-256-4613,87 Melvin Crossing,psebyergs@freewebs.com,5,697
Kathy,Godbold,537-571-0406,4 Fallview Drive,kgodboldgt@state.gov,32,8
Laney,Priter,628-468-8801,0 Eastwood Drive,lpritergu@e-recht24.de,33,606
Kaspar,Hardacre,984-642-3855,71598 Judy Trail,khardacregv@booking.com,19,351
Caril,Haggith,745-279-0540,3 Pennsylvania Park,chaggithgw@ca.gov,38,343
Boothe,Cutteridge,404-458-2141,69770 Sullivan Lane,bcutteridgegx@latimes.com,40,749
Lanna,McVicker,428-677-4199,1 Troy Parkway,lmcvickergy@printfriendly.com,6,981
Tam,McMarquis,355-280-2963,69286 Scott Terrace,tmcmarquisgz@yellowbook.com,15,479
Vinny,Urien,181-957-9003,903 Laurel Hill,vurienh0@canalblog.com,22,358
Mufi,Tunnick,994-911-4355,329 John Wall Alley,mtunnickh1@goo.ne.jp,7,570
Danette,Darco,464-149-6049,31088 Village Green Court,ddarcoh2@photobucket.com,23,616
Emmye,Vaggs,467-170-2225,48410 Reinke Court,evaggsh3@phpbb.com,7,568
Brook,Tizard,142-251-9449,8 Shoshone Park,btizardh4@google.pl,3,166
Dollie,Kareman,271-166-6686,10068 Bluejay Pass,dkaremanh5@washington.edu,29,49
Stephan,Sapshed,483-643-7527,7967 Fieldstone Parkway,ssapshedh6@360.cn,18,31
Roderich,Griffe,800-330-3952,6492 Pine View Place,rgriffeh7@cbslocal.com,19,957
Julianna,Polo,276-668-7567,3344 Nova Place,jpoloh8@geocities.com,2,335
Darrick,Hains,718-840-4719,2 Rigney Drive,dhainsh9@state.gov,16,97
Camille,Tebbitt,732-109-0678,1399 Vidon Circle,ctebbittha@opera.com,37,977
Elli,Urvoy,146-899-6297,21217 Magdeline Pass,eurvoyhb@ucoz.ru,25,406
Zorah,Cowing,592-612-5064,2 Grasskamp Plaza,zcowinghc@nydailynews.com,17,599
Mitzi,Tweedle,524-309-8014,13 Katie Terrace,mtweedlehd@dot.gov,32,861
Cameron,Dearle-Palser,885-937-7858,0701 International Park,cdearlepalserhe@hibu.com,15,876
Steffane,Swaddle,163-471-0151,0761 Spenser Crossing,sswaddlehf@csmonitor.com,28,232
Courtney,Reynalds,365-121-5757,96763 Gulseth Hill,creynaldshg@yellowbook.com,40,277
Deonne,South,768-460-4139,22 Killdeer Road,dsouthhh@mapy.cz,13,630
Myranda,Sanchis,487-715-4127,5006 Crescent Oaks Plaza,msanchishi@etsy.com,24,786
Josefina,Cracknell,904-610-3532,47 Butterfield Road,jcracknellhj@google.cn,11,4
Vinny,Joly,356-472-5330,596 International Trail,vjolyhk@twitpic.com,36,101
Molly,Eastman,689-332-3039,45884 Springview Trail,meastmanhl@yale.edu,5,817
Pandora,Ablewhite,770-496-6110,6167 Kings Plaza,pablewhitehm@ibm.com,23,208
Gilberte,Panks,131-828-9693,9115 Rowland Plaza,gpankshn@census.gov,6,222
Clevie,Verick,701-861-9793,0 Mendota Terrace,cverickho@rakuten.co.jp,4,422
Elfie,Caulket,910-485-6426,004 Monument Park,ecaulkethp@dell.com,29,5
Lyda,Doutch,176-611-3119,6 Cottonwood Drive,ldoutchhq@weibo.com,6,827
Forrest,Trosdall,274-809-2760,3 Portage Junction,ftrosdallhr@phoca.cz,10,425
Vlad,Brewers,592-716-7118,0 Fisk Place,vbrewershs@cocolog-nifty.com,5,390
Sybyl,Evert,463-648-2802,022 Merrick Avenue,severtht@cisco.com,18,809
Dionis,Horlock,209-885-3394,5 Crowley Drive,dhorlockhu@craigslist.org,21,504
Matthiew,Haxbie,465-534-8342,9202 Ramsey Road,mhaxbiehv@who.int,23,977
Connie,Wilkison,675-454-5013,899 Jenna Street,cwilkisonhw@quantcast.com,13,158
Umeko,Rosenqvist,822-490-0712,123 Vera Way,urosenqvisthx@sakura.ne.jp,24,117
Adriane,Garces,527-531-4400,3928 Mariners Cove Pass,agarceshy@dyndns.org,20,415
Craggy,Mosson,757-487-6960,34 Mcbride Point,cmossonhz@infoseek.co.jp,25,48
Haley,Adlem,138-980-2167,0938 Burning Wood Center,hadlemi0@usa.gov,33,172
Omar,Priest,108-914-7811,1 Portage Terrace,opriesti1@cbsnews.com,18,555
Lin,Mahony,337-920-6716,16340 Burning Wood Avenue,lmahonyi2@blogtalkradio.com,38,876
Ferd,Borges,100-564-7949,6 Shelley Place,fborgesi3@quantcast.com,4,479
Korrie,Benterman,592-369-1963,393 Welch Pass,kbentermani4@hp.com,33,563
Lizzie,McGraffin,750-597-0590,3 Westend Hill,lmcgraffini5@ucsd.edu,10,434
Prissie,Haskey,450-737-2661,7369 Hoard Point,phaskeyi6@cmu.edu,21,143
Bartie,McWhorter,534-682-3055,52290 Buhler Court,bmcwhorteri7@apple.com,18,642
Boyce,Domonkos,193-263-4175,67 Oxford Parkway,bdomonkosi8@cnn.com,2,573
Norean,Penright,731-816-4503,272 Hovde Road,npenrighti9@exblog.jp,28,114
Beatrisa,Burling,504-720-6083,61 Surrey Center,bburlingia@java.com,22,87
Ario,Merricks,472-188-7938,053 Clyde Gallagher Crossing,amerricksib@etsy.com,35,184
Maxwell,Beaston,318-709-5515,2239 Lake View Trail,mbeastonic@multiply.com,9,182
Washington,Bottrell,547-201-6148,8 Bunting Avenue,wbottrellid@wikia.com,28,977
Malia,Carluccio,503-287-0214,630 Village Green Plaza,mcarluccioie@springer.com,13,294
Alf,Donovan,973-434-0213,272 Grasskamp Crossing,adonovanif@t.co,27,476
Henriette,Mulbry,954-559-7574,9373 Debra Plaza,hmulbryig@berkeley.edu,30,11
Dulcea,Batram,149-422-3130,75 Hallows Street,dbatramih@who.int,21,971
Findlay,Blankau,452-982-0710,63 Lake View Junction,fblankauii@elegantthemes.com,30,502
Harriet,Hadeke,220-737-1045,982 4th Circle,hhadekeij@facebook.com,17,790
Harley,Pool,985-212-7621,2 Morrow Alley,hpoolik@mtv.com,36,737
Chane,Olin,221-314-8497,257 South Lane,colinil@1und1.de,26,30
Aidan,Sicely,746-727-5954,57178 Oxford Court,asicelyim@sfgate.com,28,248
Killy,Stiebler,734-365-7558,352 Merry Avenue,kstieblerin@elpais.com,26,422
Beryle,Blincow,285-407-0860,33 Becker Place,bblincowio@sohu.com,2,855
Inessa,Driscoll,847-750-9884,2077 Hayes Drive,idriscollip@home.pl,9,13
Pavla,Kits,204-911-4303,3208 Warner Crossing,pkitsiq@thetimes.co.uk,13,571
Erhart,Fritschmann,879-843-1009,83 Carioca Plaza,efritschmannir@noaa.gov,2,105
Aeriela,Edington,228-888-8572,79 Coolidge Way,aedingtonis@uiuc.edu,24,191
Sheridan,Adolf,271-698-8299,537 Service Crossing,sadolfit@vimeo.com,38,997
Coleen,Fairfoot,299-663-4509,8 Cardinal Street,cfairfootiu@soup.io,34,774
Jo,Wellwood,571-144-2025,00 Cardinal Crossing,jwellwoodiv@edublogs.org,1,314
Kelby,Raulstone,848-964-3626,34 Scott Alley,kraulstoneiw@unesco.org,19,648
Clementine,Le Blond,256-213-1765,84 Merrick Drive,cleblondix@who.int,30,421
Elena,Attwater,885-309-7431,2356 Nova Circle,eattwateriy@google.co.jp,38,719
Mireille,Streets,749-914-2414,46 School Trail,mstreetsiz@rakuten.co.jp,2,229
Thorpe,Gardner,302-154-0474,73154 Pepper Wood Point,tgardnerj0@pcworld.com,8,65
Sianna,Goalby,376-855-9499,76203 Esch Trail,sgoalbyj1@ft.com,5,212
Chiarra,Elsbury,305-738-3875,53317 Debs Plaza,celsburyj2@networkadvertising.org,25,381
Isabelita,Spencock,122-877-9244,593 Sheridan Point,ispencockj3@prweb.com,22,921
Jasmin,Gabe,378-639-9955,238 Hauk Point,jgabej4@google.pl,37,436
Shirline,Basterfield,323-354-6110,53120 Bobwhite Terrace,sbasterfieldj5@cnn.com,34,985
Grissel,Greatbach,193-308-5906,5927 Brown Drive,ggreatbachj6@ebay.co.uk,6,461
Kacy,Nendick,630-197-3321,23 Prairieview Crossing,knendickj7@addtoany.com,34,21
Fran,Footitt,783-773-5615,19 Miller Crossing,ffootittj8@clickbank.net,10,117
Sindee,Genike,979-455-6626,306 Vahlen Hill,sgenikej9@youtu.be,25,458
Sonni,Jekel,701-815-3792,22716 Oak Valley Lane,sjekelja@people.com.cn,27,689
Adan,Goodfellow,779-423-2763,833 Barnett Avenue,agoodfellowjb@com.com,35,715
Cleve,Olphert,654-927-4466,786 Eastlawn Avenue,colphertjc@ehow.com,33,293
Robinett,Houston,480-392-9097,5 Green Ridge Junction,rhoustonjd@parallels.com,12,357
Sydel,Maffia,642-656-1665,5912 Granby Crossing,smaffiaje@amazon.co.jp,20,186
Glynnis,Scurfield,802-365-1359,71 Washington Circle,gscurfieldjf@amazon.com,18,585
Barbi,Duffil,862-420-2591,07992 Bluestem Junction,bduffiljg@yellowbook.com,40,690
Thain,Oen,808-264-5361,22 Dahle Center,toenjh@google.com.hk,37,950
Kirk,Billington,744-994-3456,970 Nancy Street,kbillingtonji@chron.com,35,860
Wheeler,Freathy,941-907-1327,24762 Hintze Terrace,wfreathyjj@dropbox.com,14,756
Foster,Nassy,535-769-0534,08824 Arkansas Road,fnassyjk@mashable.com,37,44
Marti,Bewley,105-605-0372,21 Knutson Pass,mbewleyjl@dagondesign.com,39,18
Hasheem,Ashborn,141-107-0347,03479 Crownhardt Center,hashbornjm@acquirethisname.com,15,925
Gearard,Tree,776-543-0113,2 Mallory Plaza,gtreejn@chicagotribune.com,7,556
Marijo,Gors,256-567-5943,43666 Mockingbird Hill,mgorsjo@opensource.org,24,204
Esteban,Daysh,518-654-2022,5 Stoughton Alley,edayshjp@issuu.com,36,421
Silas,Sigmund,729-261-0615,9512 Thompson Alley,ssigmundjq@tamu.edu,3,406
Woodman,Bohler,622-937-0276,904 Moland Junction,wbohlerjr@mac.com,39,570
Isa,Chatband,139-202-8115,26566 Dryden Trail,ichatbandjs@macromedia.com,2,892
Kora,Sutworth,782-358-8718,52 Burrows Hill,ksutworthjt@marketwatch.com,25,894
Jacqui,Wivell,138-704-3432,7 Loeprich Way,jwivellju@huffingtonpost.com,22,540
Mellisa,Perren,103-474-8441,048 Blackbird Avenue,mperrenjv@sina.com.cn,10,851
Eziechiele,Pregel,292-180-2002,19619 Spohn Hill,epregeljw@gravatar.com,33,257
Octavius,Neathway,437-901-0710,317 7th Junction,oneathwayjx@biblegateway.com,29,559
Dinnie,Brussell,839-500-4938,132 Macpherson Avenue,dbrusselljy@nhs.uk,10,78
Kristan,Gann,406-236-4441,22 Sutherland Terrace,kgannjz@uiuc.edu,31,515
Lion,Sterry,310-929-5853,5 Mitchell Street,lsterryk0@arstechnica.com,5,669
Quincy,Dodshon,633-870-8510,55586 Mockingbird Alley,qdodshonk1@state.tx.us,14,966
Douglass,Hambrick,202-828-2523,424 Sheridan Terrace,dhambrickk2@elegantthemes.com,7,992
Antonin,Judge,305-871-3828,7 Killdeer Terrace,ajudgek3@squarespace.com,10,318
Nancey,Terbruggen,490-892-2802,07 Becker Center,nterbruggenk4@cnbc.com,1,271
Griswold,Cosbee,308-551-0843,35 Bonner Court,gcosbeek5@nyu.edu,36,353
Florette,Fursland,780-519-5607,8800 Monterey Plaza,ffurslandk6@goo.ne.jp,17,195
Jordain,Prall,928-908-9869,920 American Ash Parkway,jprallk7@nhs.uk,39,886
Verile,Eddoes,250-484-3192,37 Lukken Parkway,veddoesk8@bigcartel.com,5,252
Sean,Bridat,739-479-6820,9498 Atwood Circle,sbridatk9@example.com,40,844
Ignace,Peizer,166-953-6090,8 Melrose Court,ipeizerka@google.pl,13,328
Bil,Joncic,280-892-5564,1 Hanover Alley,bjoncickb@hubpages.com,2,590
Sheelagh,Montrose,358-129-9480,929 Lillian Avenue,smontrosekc@topsy.com,10,300
Hulda,Andrez,180-483-3083,0014 Blaine Terrace,handrezkd@weather.com,2,997
Tori,O'Mullaney,501-852-2996,86 Forest Alley,tomullaneyke@google.it,12,913
Verla,Marthen,751-539-3195,85518 Gina Way,vmarthenkf@noaa.gov,7,850
Clemmy,Slide,848-437-6095,9 Saint Paul Way,cslidekg@telegraph.co.uk,33,368
Levy,Bondley,789-242-5494,97 East Road,lbondleykh@goo.gl,13,365
Aveline,Kiehne,742-581-9830,75079 Lighthouse Bay Hill,akiehneki@usda.gov,7,629
Albie,Rawson,439-311-4097,3 Colorado Terrace,arawsonkj@imgur.com,18,568
Ruggiero,Lambourne,327-290-9266,36 Express Terrace,rlambournekk@hhs.gov,9,1
Jessamyn,Filshin,671-269-0173,09575 Summer Ridge Alley,jfilshinkl@zimbio.com,15,266
Rod,Andreix,673-372-6336,9 Blaine Street,randreixkm@barnesandnoble.com,16,149
Xerxes,Addess,459-257-1048,0576 Loeprich Way,xaddesskn@hugedomains.com,13,167
Elfrida,Tebbs,405-321-1032,3 Lakeland Point,etebbsko@jugem.jp,40,942
Amity,Patters,580-781-2849,003 Claremont Trail,apatterskp@scientificamerican.com,16,488
Trace,Narraway,937-123-6955,6193 Haas Hill,tnarrawaykq@army.mil,14,186
Carmela,Zwicker,500-413-1246,00046 Vidon Crossing,czwickerkr@indiegogo.com,31,958
Mirabelle,Frankiss,880-818-3018,0 Sommers Road,mfrankissks@hibu.com,17,990
Tulley,Grunbaum,779-362-7973,0200 Del Sol Lane,tgrunbaumkt@cnet.com,13,346
Wilbur,Crambie,291-841-8725,0872 Miller Trail,wcrambieku@cam.ac.uk,37,652
Gayla,Brehat,999-325-1977,5 Acker Plaza,gbrehatkv@naver.com,34,984
Karly,Georgot,332-522-1128,212 Weeping Birch Street,kgeorgotkw@boston.com,31,443
Jessie,Tebb,654-532-7085,31692 Cherokee Court,jtebbkx@businessweek.com,27,792
Aleta,Franies,472-506-5468,843 Spaight Terrace,afraniesky@lycos.com,8,683
Emeline,Peppard,319-384-9573,39847 Dwight Avenue,epeppardkz@altervista.org,27,659
Koenraad,Le Sarr,255-652-2221,010 Katie Junction,klesarrl0@reuters.com,22,601
Reeta,Jurasz,192-580-6548,6 Maywood Road,rjuraszl1@google.cn,20,224
Thayne,Balcers,421-967-4099,46 Erie Place,tbalcersl2@weather.com,21,420
Jeannette,Pirson,914-509-4164,94180 Drewry Alley,jpirsonl3@dmoz.org,4,436
Davine,Syme,719-577-4242,399 Bunting Lane,dsymel4@webeden.co.uk,26,49
Tabb,McErlaine,473-321-6826,8446 Brown Lane,tmcerlainel5@upenn.edu,13,649
Rhys,Finlaison,223-786-7181,852 Stoughton Plaza,rfinlaisonl6@princeton.edu,12,804
Farica,Billiard,829-171-5142,6029 Ruskin Junction,fbilliardl7@arizona.edu,38,127
Garold,Emes,976-358-2805,033 Delladonna Court,gemesl8@github.io,25,264
Hamilton,Elliman,661-272-4985,1 Norway Maple Trail,hellimanl9@mayoclinic.com,15,377
Ermentrude,Norley,621-523-3287,170 Golf Course Pass,enorleyla@independent.co.uk,7,414
Adham,Mumby,437-614-5653,789 Glacier Hill Terrace,amumbylb@answers.com,4,387
Nessi,Milham,875-611-1301,42735 8th Crossing,nmilhamlc@tripod.com,1,857
Luise,Cristofol,577-141-7018,64061 Florence Circle,lcristofolld@ezinearticles.com,20,522
Fifine,Cummine,162-187-5530,61780 Northport Avenue,fcumminele@baidu.com,5,268
Alie,Vautier,438-399-1519,575 Anthes Drive,avautierlf@devhub.com,29,200
Malory,Portwain,162-129-6771,33205 Fair Oaks Avenue,mportwainlg@intel.com,12,385
Doria,Di Nisco,294-608-9633,841 David Junction,ddiniscolh@studiopress.com,37,281
Jacquelynn,Reggio,840-367-3043,667 Warrior Park,jreggioli@bluehost.com,25,726
Cullan,Stoade,965-761-9840,612 Glendale Parkway,cstoadelj@dmoz.org,29,947
Delcina,Badland,975-121-7883,395 Twin Pines Hill,dbadlandlk@freewebs.com,24,762
Ibby,Meach,254-972-1252,52759 Logan Place,imeachll@webeden.co.uk,35,433
Loy,Korfmann,664-269-6812,7070 Trailsway Road,lkorfmannlm@kickstarter.com,40,372
Marie-jeanne,Arbon,891-417-2223,6 Elgar Way,marbonln@sciencedirect.com,23,64
Ella,Carlile,630-929-8402,83087 Dayton Point,ecarlilelo@nymag.com,17,329
Stesha,Tickel,982-927-6217,5 Kipling Avenue,stickellp@4shared.com,13,213
Maurizia,Siddall,385-576-9675,88828 Summit Lane,msiddalllq@go.com,39,580
Kelwin,Loveitt,486-167-6603,350 Waywood Junction,kloveittlr@home.pl,23,57
Dolph,de Pinna,110-260-0917,70 Crowley Crossing,ddepinnals@theguardian.com,5,457
Desmond,Scorton,151-851-2426,0862 Morningstar Lane,dscortonlt@army.mil,40,809
Rivkah,Clive,587-364-2144,60418 Stang Terrace,rclivelu@vistaprint.com,18,254
Isadore,Blaza,280-838-8972,776 Ridgeway Drive,iblazalv@dion.ne.jp,26,113
Colet,Langmead,603-407-6920,33487 Lighthouse Bay Junction,clangmeadlw@sphinn.com,18,701
Ulrica,Griffe,990-871-0973,85 Sauthoff Alley,ugriffelx@yale.edu,33,753
Jarid,O'Suaird,382-535-9369,4774 Arrowood Place,josuairdly@a8.net,4,559
Vivianna,Snowdon,465-865-8721,75 Summerview Place,vsnowdonlz@t-online.de,32,116
Reeba,Gayle,279-870-0063,10 Raven Street,rgaylem0@feedburner.com,35,785
Burke,Fegan,901-998-7314,86 Sutteridge Trail,bfeganm1@issuu.com,22,335
Zora,Berndtsson,588-422-6989,762 Shoshone Pass,zberndtssonm2@pagesperso-orange.fr,14,96
Genia,Charpin,617-109-8675,2 Quincy Drive,gcharpinm3@is.gd,5,736
Justine,Basillon,585-537-5693,571 Fulton Lane,jbasillonm4@php.net,31,699
Annissa,Standering,577-596-7623,0584 Oxford Court,astanderingm5@alexa.com,25,434
Bianka,Reaper,253-280-7443,10520 Monterey Alley,breaperm6@plala.or.jp,23,802
Kelbee,Wreiford,426-267-3289,4 Westridge Court,kwreifordm7@blogger.com,1,368
Madella,Lindstrom,428-175-1617,1167 Sunnyside Place,mlindstromm8@salon.com,10,307
Dougy,Batey,768-449-5361,0230 Spenser Road,dbateym9@ibm.com,15,174
Penny,Tavernor,780-984-4559,70 Esch Way,ptavernorma@biblegateway.com,40,972
Uta,Falla,718-709-9932,60 Pierstorff Way,ufallamb@merriam-webster.com,17,456
Moyra,Choak,609-731-3428,5226 Laurel Trail,mchoakmc@livejournal.com,9,957
Marissa,Trittam,217-367-8570,640 Algoma Street,mtrittammd@psu.edu,8,469
Anne,Valentetti,551-715-0099,81 Riverside Plaza,avalentettime@weibo.com,11,304
Jemie,Forty,407-667-5250,0 Fuller Plaza,jfortymf@networksolutions.com,38,487
Dolley,Richold,465-618-7657,0 John Wall Point,dricholdmg@amazon.com,40,704
Daveen,Champkins,177-189-4608,3 Maywood Parkway,dchampkinsmh@blogspot.com,40,992
Ashton,Iglesia,333-862-6271,98 Milwaukee Pass,aiglesiami@adobe.com,36,333
Jesselyn,Critten,539-149-9869,00 2nd Trail,jcrittenmj@weather.com,22,24
Estelle,Matthews,294-148-3034,9975 Sage Court,ematthewsmk@yandex.ru,36,837
Dollie,Dundon,882-232-1558,52137 Roxbury Place,ddundonml@istockphoto.com,31,714
Jenda,Sellen,552-511-8119,32 Milwaukee Point,jsellenmm@state.tx.us,37,343
Christalle,Nicholls,130-452-1450,012 Tomscot Center,cnichollsmn@unblog.fr,4,882
Lorin,Buckleigh,141-651-5007,5 Hoffman Way,lbuckleighmo@diigo.com,38,499
Raf,Fantini,549-545-2857,2 Fallview Pass,rfantinimp@blogtalkradio.com,27,803
Charisse,Vose,157-975-4437,43305 Comanche Way,cvosemq@reddit.com,22,466
Maxie,Rasell,478-578-0069,381 Hudson Center,mrasellmr@tuttocitta.it,37,700
Robin,Freeman,856-978-9697,21 Weeping Birch Way,rfreemanms@netscape.com,13,51
Cristin,Rawlence,683-269-1961,11372 Sheridan Center,crawlencemt@shop-pro.jp,36,521
Marrilee,Wardingly,954-488-7775,5 Stone Corner Trail,mwardinglymu@purevolume.com,14,497
Sebastiano,Crockatt,516-930-6278,042 Waxwing Junction,scrockattmv@omniture.com,34,367
Pierson,Custy,788-416-9978,249 Hanover Alley,pcustymw@spiegel.de,5,688
Mellie,Kershow,486-823-5572,9 Emmet Park,mkershowmx@xing.com,10,65
Nathalie,Bridie,613-791-2177,87461 Forest Dale Trail,nbridiemy@cnet.com,35,236
Celie,Barnish,287-652-3551,6795 Aberg Trail,cbarnishmz@un.org,25,818
Perrine,Blowers,503-867-9673,18108 Clarendon Point,pblowersn0@toplist.cz,32,569
Delilah,Rollingson,216-373-2982,7 Kipling Drive,drollingsonn1@ft.com,26,85
Horace,Caw,716-659-2865,04956 Superior Street,hcawn2@mit.edu,2,788
Perren,Bergstrand,110-440-2828,151 Ramsey Circle,pbergstrandn3@examiner.com,24,483
King,Dehn,928-635-5894,6768 Vermont Way,kdehnn4@addthis.com,19,899
Buiron,Huband,378-588-0601,58343 Valley Edge Point,bhubandn5@cisco.com,36,923
Vickie,Killbey,988-674-6720,475 Spaight Drive,vkillbeyn6@topsy.com,35,557
Dee dee,Methuen,363-465-7808,8 Jana Street,dmethuenn7@ow.ly,34,718
Joana,Mowatt,388-135-7477,3 Kropf Avenue,jmowattn8@java.com,39,909
Suzanna,Fanthom,178-856-9403,5 Marquette Parkway,sfanthomn9@t.co,5,263
Molly,Onge,637-261-7263,929 Lillian Parkway,mongena@digg.com,37,345
Briano,Goldis,830-441-4206,94 Cherokee Hill,bgoldisnb@fc2.com,36,189
Samuele,Babcock,426-121-9502,4 Anderson Circle,sbabcocknc@unesco.org,20,863
Chevy,Rupel,266-651-9288,9124 Moland Pass,crupelnd@oaic.gov.au,22,42
Rudolph,Gilbody,562-875-2995,8 Oakridge Park,rgilbodyne@businesswire.com,17,416
Lin,Meneer,158-645-7278,9781 Blue Bill Park Road,lmeneernf@ezinearticles.com,26,748
Terza,Chatel,680-351-4606,1 Birchwood Crossing,tchatelng@huffingtonpost.com,31,807
Mariette,Tafani,392-711-5309,17 Columbus Way,mtafaninh@berkeley.edu,18,519
Diannne,Parram,301-761-2006,39 Eagan Court,dparramni@moonfruit.com,1,793
Devin,Pechet,680-133-2289,7 Sutteridge Drive,dpechetnj@myspace.com,6,60
Roy,Evins,892-544-3135,7391 Shelley Lane,revinsnk@google.ru,32,880
Hunt,Havick,509-253-0061,0 Packers Place,hhavicknl@bloglovin.com,6,534
Corina,Rodolphe,645-980-9379,79 Lighthouse Bay Avenue,crodolphenm@yale.edu,5,665
Pietrek,Dadge,489-938-6762,03103 Granby Parkway,pdadgenn@cbslocal.com,14,828
Thomasa,Courtman,901-846-0896,87 Luster Place,tcourtmanno@tinypic.com,19,353
Weber,Sivills,186-363-5111,1 Summit Circle,wsivillsnp@xrea.com,8,812
Jana,Menichelli,931-722-0192,5 Sloan Hill,jmenichellinq@washingtonpost.com,3,187
Diannne,Cockley,352-747-8258,7905 Nova Parkway,dcockleynr@baidu.com,25,137
Bartholomeo,Billanie,671-993-6274,5047 Portage Plaza,bbillaniens@zdnet.com,40,958
Ninnette,Finding,575-119-8942,855 Harper Avenue,nfindingnt@europa.eu,26,99
Dorey,Fielder,825-328-2062,078 Meadow Vale Hill,dfieldernu@i2i.jp,7,914
Myrvyn,Dymond,721-971-6888,36 Clemons Point,mdymondnv@csmonitor.com,3,443
Whitney,Habbal,629-999-1933,8 Stone Corner Parkway,whabbalnw@nymag.com,37,131
Paton,Haslin,704-647-6089,75636 Sycamore Point,phaslinnx@pagesperso-orange.fr,9,833
Bambie,Kopisch,446-246-3256,86484 American Circle,bkopischny@ucla.edu,17,339
Norah,Reggiani,-662-3627,30405 Florence Crossing,nreggianinz@jiathis.com,29,55
Ker,St. Queintain,595-724-2929,66 Monument Parkway,kstqueintaino0@fda.gov,40,895
Brenn,Matas,781-157-5729,416 Nevada Circle,bmataso1@acquirethisname.com,2,999
Audrie,Patience,399-524-4984,710 Forest Center,apatienceo2@google.co.uk,38,61
Lilly,Helleker,811-176-9440,2 Chive Drive,lhellekero3@go.com,19,379
Quentin,Glyne,308-195-4716,35628 Schurz Trail,qglyneo4@unesco.org,35,577
Odelia,Blowin,342-556-3813,9290 Larry Circle,oblowino5@springer.com,36,372
Bary,Crothers,663-691-6891,5954 Manufacturers Road,bcrotherso6@a8.net,11,695
Jennette,Gladdifh,872-358-0032,9638 Autumn Leaf Trail,jgladdifho7@xinhuanet.com,5,691
Valentia,Bulleyn,518-205-2935,98 David Place,vbulleyno8@macromedia.com,21,796
Ferris,Gounard,262-531-0585,73974 Moland Parkway,fgounardo9@spiegel.de,11,57
Winni,Reiners,227-685-8151,74 Ludington Hill,wreinersoa@nyu.edu,23,79
Shayne,Robertot,948-668-4373,38544 Hanson Avenue,srobertotob@google.ca,4,785
Kim,Pardoe,215-437-7419,2097 Brown Hill,kpardoeoc@nasa.gov,37,947
Jae,Wyke,158-962-6011,06 Washington Point,jwykeod@un.org,3,604
Oralee,Scroxton,220-938-6519,691 Truax Parkway,oscroxtonoe@histats.com,10,130
Avril,Turfitt,909-784-6150,47391 Farwell Terrace,aturfittof@themeforest.net,36,569
Drona,Annets,307-652-5401,168 Sloan Plaza,dannetsog@google.pl,37,480
Poppy,Meach,895-110-9567,359 Johnson Lane,pmeachoh@imdb.com,5,627
Estell,Josipovitz,312-793-5235,25784 Spenser Way,ejosipovitzoi@columbia.edu,19,777
Annice,Faint,312-643-2298,5 Talisman Alley,afaintoj@digg.com,23,921
Kelley,Fryer,665-569-2197,9035 Golf Lane,kfryerok@typepad.com,13,771
Aime,Peartree,298-596-4425,8 Hansons Way,apeartreeol@twitter.com,16,370
Toni,Keynes,659-646-7693,94 Scofield Drive,tkeynesom@comsenz.com,35,267
Jacintha,Cutchee,513-358-1741,72 Lake View Place,jcutcheeon@apache.org,27,144
Mead,Suttell,286-609-8632,22075 Lunder Circle,msuttelloo@japanpost.jp,11,959
Imogen,Fewster,894-878-6808,7947 Twin Pines Pass,ifewsterop@scientificamerican.com,22,731
Sherman,Beddin,812-779-4702,56 Sage Circle,sbeddinoq@psu.edu,31,26
Rupert,Durning,676-593-3550,355 Katie Place,rdurningor@acquirethisname.com,25,308
Hillery,Snelson,702-410-5648,879 Sauthoff Crossing,hsnelsonos@sbwire.com,5,916
Beatrisa,Joddens,458-920-6908,517 Pleasure Park,bjoddensot@seattletimes.com,3,992
Almeda,Le Sarr,163-146-0159,7995 Barby Pass,alesarrou@cam.ac.uk,12,842
Arlen,Folbig,100-929-9828,7 Menomonie Alley,afolbigov@youtu.be,31,157
Charyl,Warfield,669-636-1823,3869 Melody Circle,cwarfieldow@si.edu,1,199
Ev,McKeown,874-940-7625,60 Mosinee Trail,emckeownox@taobao.com,22,82
Abbye,Dayborne,407-504-9014,62 Burrows Hill,adayborneoy@qq.com,21,714
Baryram,Morphew,383-138-2976,4 Tennyson Court,bmorphewoz@ow.ly,32,165
Griselda,Doick,407-295-9068,7471 Buena Vista Lane,gdoickp0@wix.com,24,996
Ingeberg,Chrismas,338-302-9497,659 Warrior Parkway,ichrismasp1@angelfire.com,12,618
Carline,Cossum,206-493-7107,74942 Truax Point,ccossump2@chronoengine.com,25,585
Lionel,Addionisio,297-617-3534,85196 Crownhardt Alley,laddionisiop3@t-online.de,5,933
Reinaldo,Sweett,327-118-8966,2 Prairie Rose Drive,rsweettp4@nhs.uk,40,988
Aurilia,Aylwin,325-805-1548,498 Montana Center,aaylwinp5@cmu.edu,32,887
Efrem,Brown,782-748-1286,64398 Autumn Leaf Park,ebrownp6@ft.com,15,370
Arty,Goldfinch,737-776-5575,431 Hagan Plaza,agoldfinchp7@facebook.com,40,995
Dory,Shallcrass,290-173-9594,13 Bayside Pass,dshallcrassp8@wikia.com,27,273
Simone,Trimmill,306-874-5667,62 Warner Avenue,strimmillp9@opera.com,7,997
Kelcie,Seeger,716-950-4206,4 Del Sol Alley,kseegerpa@weather.com,20,761
Thurstan,Naile,259-138-6033,285 4th Terrace,tnailepb@google.com,12,653
Anton,Lawrenceson,722-681-7401,50 Waxwing Hill,alawrencesonpc@independent.co.uk,15,62
Haley,Nana,961-455-4209,83773 Chive Court,hnanapd@yelp.com,22,720
Shandy,Balaam,705-417-6364,1 Laurel Road,sbalaampe@ftc.gov,3,28
Meghan,Docket,604-102-8203,47 Lotheville Center,mdocketpf@ftc.gov,13,82
Lorry,Brind,462-666-6473,7966 Bay Place,lbrindpg@meetup.com,23,82
Rhona,MacGall,984-761-4989,23086 Waubesa Plaza,rmacgallph@a8.net,12,548
Fayette,Gadsdon,779-639-2565,3676 American Point,fgadsdonpi@chronoengine.com,35,277
Dolorita,Kerslake,992-815-0239,77990 Sheridan Alley,dkerslakepj@tinypic.com,8,164
Deane,Aggis,290-175-6342,5607 Farmco Drive,daggispk@un.org,35,76
Jojo,Ashfull,743-764-4429,7 Ronald Regan Drive,jashfullpl@un.org,30,572
Juliann,Lanfear,191-495-3599,69 Heath Terrace,jlanfearpm@usnews.com,34,923
Shea,Kinzett,852-654-3937,1794 Florence Road,skinzettpn@cisco.com,18,748
Harman,Thurstan,962-689-9307,5493 Summit Lane,hthurstanpo@blinklist.com,22,32
Rozalin,Haensel,390-715-1429,94243 Forest Dale Center,rhaenselpp@ezinearticles.com,5,325
Nelli,Mitchener,678-601-5913,752 Pine View Avenue,nmitchenerpq@illinois.edu,15,81
Pyotr,Gadney,851-428-1718,03447 Everett Pass,pgadneypr@amazonaws.com,9,382
Mal,Hairs,820-839-2584,9 Sommers Road,mhairsps@ihg.com,3,960
Theodoric,Harbor,856-427-7361,191 Cascade Junction,tharborpt@networkadvertising.org,29,704
Spike,Goligher,916-283-3704,61 Little Fleur Drive,sgoligherpu@salon.com,40,72
Dulcia,Lacoste,101-534-6036,82 Prentice Drive,dlacostepv@ow.ly,14,812
Brenn,Ferebee,395-566-6944,99174 Upham Plaza,bferebeepw@chicagotribune.com,35,302
Lefty,Bette,492-833-3091,356 Mayfield Point,lbettepx@omniture.com,31,539
Norri,Ginley,222-899-4732,13 Golf Course Alley,nginleypy@homestead.com,15,340
Ethelind,Palley,358-893-7325,49 Miller Lane,epalleypz@is.gd,23,171
Piper,Denyakin,840-387-9461,41486 Quincy Point,pdenyakinq0@alexa.com,14,502
Connor,Popley,371-677-1606,3 Banding Alley,cpopleyq1@cargocollective.com,31,635
Claudelle,Cassell,938-482-5178,8225 Killdeer Crossing,ccassellq2@house.gov,28,308
Cathi,Gyppes,848-783-3631,59913 Loeprich Circle,cgyppesq3@shareasale.com,2,683
Thedric,Barrat,117-218-5920,72 Jenifer Avenue,tbarratq4@java.com,28,201
Kenn,Rawlings,329-628-4146,5 Forest Dale Court,krawlingsq5@virginia.edu,25,562
Barny,Dennick,164-577-1804,59307 Sachtjen Parkway,bdennickq6@chicagotribune.com,6,504
Bette,Haswall,736-529-1448,43 Meadow Valley Court,bhaswallq7@comcast.net,25,350
Vale,Ayscough,609-421-6630,4 Di Loreto Court,vayscoughq8@tripadvisor.com,21,512
Obie,Keyzor,709-794-7372,00005 Lakeland Alley,okeyzorq9@joomla.org,7,453
Bat,Oldfield-Cherry,896-281-2177,7 High Crossing Way,boldfieldcherryqa@prnewswire.com,18,793
Stormie,Laurens,267-567-8728,539 Vermont Road,slaurensqb@nymag.com,12,377
Xylia,MacScherie,510-751-6823,34401 Florence Park,xmacscherieqc@constantcontact.com,32,81
Neall,Drummond,855-412-3419,7310 Scoville Avenue,ndrummondqd@elpais.com,38,224
Ellen,Willatt,798-123-8283,668 Debra Place,ewillattqe@cam.ac.uk,25,901
Bron,Jaggers,582-534-8542,4878 Scoville Drive,bjaggersqf@vinaora.com,33,84
Doyle,Swenson,593-894-6934,892 Banding Junction,dswensonqg@sun.com,5,383
Lennie,Baltrushaitis,964-708-5552,653 8th Plaza,lbaltrushaitisqh@yahoo.com,13,872
Harrie,Jessel,952-991-6787,445 Ridge Oak Parkway,hjesselqi@purevolume.com,19,191
Franchot,Ware,618-523-5539,8 Waxwing Parkway,fwareqj@princeton.edu,14,660
Denna,Pilfold,489-443-4114,7572 Green Circle,dpilfoldqk@g.co,38,567
Verge,Boom,780-130-5037,7103 Waxwing Way,vboomql@loc.gov,14,599
Sheelah,Birkhead,475-956-0208,601 Westend Alley,sbirkheadqm@simplemachines.org,23,6
Angel,Raecroft,446-564-2590,10257 Scoville Center,araecroftqn@cnn.com,32,7
Serene,McCallum,416-372-7014,163 Logan Place,smccallumqo@arizona.edu,30,56
Tana,Cussins,939-736-7047,71 Doe Crossing Hill,tcussinsqp@example.com,19,430
Fredrick,McLaine,582-661-6756,133 Dahle Alley,fmclaineqq@seesaa.net,29,524
Camille,Oris,197-918-5438,7 Crowley Crossing,corisqr@flavors.me,19,572
Arne,Daldry,843-825-1799,48 Beilfuss Drive,adaldryqs@marriott.com,6,167
York,Greenset,735-444-2800,07125 Carpenter Drive,ygreensetqt@istockphoto.com,8,471
Melany,McPhillips,295-873-0495,84 Annamark Circle,mmcphillipsqu@free.fr,34,254
Leonanie,Geeves,412-680-4275,19510 Monica Alley,lgeevesqv@soundcloud.com,18,239
Janeva,Calrow,925-263-9434,285 Vidon Center,jcalrowqw@accuweather.com,13,946
Tuckie,Kemshell,814-191-3427,1285 5th Pass,tkemshellqx@github.com,35,938
Joan,Botger,790-340-9273,3660 Fordem Place,jbotgerqy@google.com,33,234
Horton,Coffey,695-381-8125,00766 Eagle Crest Terrace,hcoffeyqz@statcounter.com,19,315
Kit,Bilston,870-904-4813,356 Hoffman Hill,kbilstonr0@amazonaws.com,6,281
Jerri,Gowers,536-574-6211,56470 Clarendon Hill,jgowersr1@fda.gov,3,845
Gualterio,Scartifield,768-149-9771,74212 Kingsford Street,gscartifieldr2@tmall.com,12,859
Aggy,Lawtey,452-201-8336,54115 Glacier Hill Way,alawteyr3@craigslist.org,24,723
Mel,Moyser,879-637-2497,3 Moland Junction,mmoyserr4@mapquest.com,36,903
Schuyler,Juster,702-823-0899,0603 Magdeline Point,sjusterr5@statcounter.com,6,584
Brigit,Sharpley,591-479-7854,0 Pankratz Court,bsharpleyr6@ebay.co.uk,19,601
Liva,Maguire,183-113-8782,84 Fairfield Way,lmaguirer7@chronoengine.com,18,247
Claudian,Dove,728-774-5046,45515 Rigney Street,cdover8@over-blog.com,19,655
Filia,Casemore,409-561-5165,06457 Hermina Drive,fcasemorer9@cdc.gov,39,580
Westley,Djurevic,118-217-8521,2308 Mcguire Pass,wdjurevicra@about.com,22,802
Ellene,Bridgen,504-704-8891,62616 Kedzie Parkway,ebridgenrb@sbwire.com,25,345
Major,Cruz,253-204-8491,308 Namekagon Place,mcruzrc@fema.gov,40,418
Janenna,Bulluck,551-795-0639,513 Butterfield Park,jbulluckrd@cargocollective.com,15,784
Johan,Landers,298-115-3472,0 Redwing Parkway,jlandersre@ifeng.com,27,906
Claude,Breadmore,335-185-7001,2214 Southridge Hill,cbreadmorerf@spiegel.de,5,354
Dorise,Pepineaux,805-898-2281,7201 Forest Point,dpepineauxrg@google.pl,13,156
Cesya,Sey,657-855-7836,19654 Mallard Road,cseyrh@123-reg.co.uk,1,839
Dennet,Ellery,182-216-3127,654 Forest Dale Drive,delleryri@hao123.com,34,838
Kristine,Corah,299-654-7028,778 Schmedeman Junction,kcorahrj@usda.gov,16,781
Celeste,Martello,206-677-9508,96 Packers Point,cmartellork@fc2.com,20,184
Lon,Chung,732-113-9062,0410 Charing Cross Hill,lchungrl@mayoclinic.com,21,466
Alleyn,Meany,253-628-4828,38119 Clemons Lane,ameanyrm@elegantthemes.com,23,23
Philbert,De la Eglise,807-519-8379,272 Mesta Crossing,pdelaeglisern@bloomberg.com,12,309
Henderson,Cumberbatch,431-136-5255,7 David Lane,hcumberbatchro@stumbleupon.com,1,824
Daphene,Kibblewhite,289-524-9685,587 Scott Point,dkibblewhiterp@cnet.com,20,65
Jeane,Edlington,546-688-4793,85447 Little Fleur Trail,jedlingtonrq@un.org,19,134
Ab,Daveran,521-386-0864,3 Vidon Place,adaveranrr@devhub.com,20,368
